{
  "fio version" : "fio-3.41",
  "timestamp" : 1784089360,
  "timestamp_ms" : 1784089360106,
  "time" : "Wed Jul 15 13:22:40 2026",
  "jobs" : [
    {
      "jobname" : "seq_write",
      "groupid" : 0,
      "job_start" : 1784089330052,
      "error" : 0,
      "eta" : 0,
      "elapsed" : 31,
      "job options" : {
        "name" : "seq_write",
        "directory" : "/home/kitalab/benchmark/2026-07-15-13-21/storage",
        "rw" : "write",
        "bs" : "1M",
        "size" : "1G",
        "numjobs" : "1",
        "runtime" : "30",
        "time_based" : "",
        "group_reporting" : ""
      },
      "read" : {
        "io_bytes" : 0,
        "io_kbytes" : 0,
        "bw_bytes" : 0,
        "bw" : 0,
        "iops" : 0.000000,
        "runtime" : 0,
        "total_ios" : 0,
        "short_ios" : 0,
        "drop_ios" : 0,
        "slat_ns" : {
          "min" : 0,
          "max" : 0,
          "mean" : 0.000000,
          "stddev" : 0.000000,
          "N" : 0
        },
        "clat_ns" : {
          "min" : 0,
          "max" : 0,
          "mean" : 0.000000,
          "stddev" : 0.000000,
          "N" : 0
        },
        "lat_ns" : {
          "min" : 0,
          "max" : 0,
          "mean" : 0.000000,
          "stddev" : 0.000000,
          "N" : 0
        },
        "bw_min" : 0,
        "bw_max" : 0,
        "bw_agg" : 0.000000,
        "bw_mean" : 0.000000,
        "bw_dev" : 0.000000,
        "bw_samples" : 0,
        "iops_min" : 0,
        "iops_max" : 0,
        "iops_mean" : 0.000000,
        "iops_stddev" : 0.000000,
        "iops_samples" : 0
      },
      "write" : {
        "io_bytes" : 78384201728,
        "io_kbytes" : 76547072,
        "bw_bytes" : 2610022700,
        "bw" : 2548850,
        "iops" : 2489.111614,
        "runtime" : 30032,
        "total_ios" : 74753,
        "short_ios" : 0,
        "drop_ios" : 0,
        "slat_ns" : {
          "min" : 0,
          "max" : 0,
          "mean" : 0.000000,
          "stddev" : 0.000000,
          "N" : 0
        },
        "clat_ns" : {
          "min" : 73616,
          "max" : 991006,
          "mean" : 116610.404679,
          "stddev" : 9789.993991,
          "N" : 74753,
          "percentile" : {
            "1.000000" : 108032,
            "5.000000" : 110080,
            "10.000000" : 111104,
            "20.000000" : 112128,
            "30.000000" : 113152,
            "40.000000" : 114176,
            "50.000000" : 115200,
            "60.000000" : 116224,
            "70.000000" : 118272,
            "80.000000" : 120320,
            "90.000000" : 122368,
            "95.000000" : 126464,
            "99.000000" : 140288,
            "99.500000" : 150528,
            "99.900000" : 171008,
            "99.950000" : 222208,
            "99.990000" : 477184
          }
        },
        "lat_ns" : {
          "min" : 77975,
          "max" : 995575,
          "mean" : 121460.181946,
          "stddev" : 10122.167324,
          "N" : 74753
        },
        "bw_min" : 2092966,
        "bw_max" : 3686400,
        "bw_agg" : 100.000000,
        "bw_mean" : 2559045.593220,
        "bw_dev" : 558576.353879,
        "bw_samples" : 59,
        "iops_min" : 2043,
        "iops_max" : 3600,
        "iops_mean" : 2499.050847,
        "iops_stddev" : 545.494917,
        "iops_samples" : 59
      },
      "trim" : {
        "io_bytes" : 0,
        "io_kbytes" : 0,
        "bw_bytes" : 0,
        "bw" : 0,
        "iops" : 0.000000,
        "runtime" : 0,
        "total_ios" : 0,
        "short_ios" : 0,
        "drop_ios" : 0,
        "slat_ns" : {
          "min" : 0,
          "max" : 0,
          "mean" : 0.000000,
          "stddev" : 0.000000,
          "N" : 0
        },
        "clat_ns" : {
          "min" : 0,
          "max" : 0,
          "mean" : 0.000000,
          "stddev" : 0.000000,
          "N" : 0
        },
        "lat_ns" : {
          "min" : 0,
          "max" : 0,
          "mean" : 0.000000,
          "stddev" : 0.000000,
          "N" : 0
        },
        "bw_min" : 0,
        "bw_max" : 0,
        "bw_agg" : 0.000000,
        "bw_mean" : 0.000000,
        "bw_dev" : 0.000000,
        "bw_samples" : 0,
        "iops_min" : 0,
        "iops_max" : 0,
        "iops_mean" : 0.000000,
        "iops_stddev" : 0.000000,
        "iops_samples" : 0
      },
      "sync" : {
        "total_ios" : 0,
        "lat_ns" : {
          "min" : 0,
          "max" : 0,
          "mean" : 0.000000,
          "stddev" : 0.000000,
          "N" : 0
        }
      },
      "job_runtime" : 30031,
      "usr_cpu" : 1.262029,
      "sys_cpu" : 38.277114,
      "ctx" : 2040,
      "majf" : 0,
      "minf" : 11,
      "iodepth_level" : {
        "1" : 100.000000,
        "2" : 0.000000,
        "4" : 0.000000,
        "8" : 0.000000,
        "16" : 0.000000,
        "32" : 0.000000,
        ">=64" : 0.000000
      },
      "iodepth_submit" : {
        "0" : 0.000000,
        "4" : 100.000000,
        "8" : 0.000000,
        "16" : 0.000000,
        "32" : 0.000000,
        "64" : 0.000000,
        ">=64" : 0.000000
      },
      "iodepth_complete" : {
        "0" : 0.000000,
        "4" : 100.000000,
        "8" : 0.000000,
        "16" : 0.000000,
        "32" : 0.000000,
        "64" : 0.000000,
        ">=64" : 0.000000
      },
      "latency_ns" : {
        "2" : 0.000000,
        "4" : 0.000000,
        "10" : 0.000000,
        "20" : 0.000000,
        "50" : 0.000000,
        "100" : 0.000000,
        "250" : 0.000000,
        "500" : 0.000000,
        "750" : 0.000000,
        "1000" : 0.000000
      },
      "latency_us" : {
        "2" : 0.000000,
        "4" : 0.000000,
        "10" : 0.000000,
        "20" : 0.000000,
        "50" : 0.000000,
        "100" : 0.410686,
        "250" : 99.546506,
        "500" : 0.034781,
        "750" : 0.010000,
        "1000" : 0.010000
      },
      "latency_ms" : {
        "2" : 0.000000,
        "4" : 0.000000,
        "10" : 0.000000,
        "20" : 0.000000,
        "50" : 0.000000,
        "100" : 0.000000,
        "250" : 0.000000,
        "500" : 0.000000,
        "750" : 0.000000,
        "1000" : 0.000000,
        "2000" : 0.000000,
        ">=2000" : 0.000000
      },
      "latency_depth" : 1,
      "latency_target" : 0,
      "latency_percentile" : 100.000000,
      "latency_window" : 0
    }
  ],
  "disk_util" : [
    {
      "name" : "dm-0",
      "read_ios" : 0,
      "write_ios" : 766,
      "read_sectors" : 0,
      "write_sectors" : 151667216,
      "read_merges" : 0,
      "write_merges" : 0,
      "read_ticks" : 0,
      "write_ticks" : 22467,
      "in_queue" : 22467,
      "util" : 67.836628,
      "aggr_read_ios" : 0,
      "aggr_write_ios" : 598042,
      "aggr_read_sectors" : 0,
      "aggr_write_sectors" : 153092624,
      "aggr_read_merges" : 0,
      "aggr_write_merge" : 40,
      "aggr_read_ticks" : 0,
      "aggr_write_ticks" : 4190539,
      "aggr_in_queue" : 4190545,
      "aggr_util" : 65.461674
    },
    {
      "name" : "nvme0n1",
      "read_ios" : 0,
      "write_ios" : 598042,
      "read_sectors" : 0,
      "write_sectors" : 153092624,
      "read_merges" : 0,
      "write_merges" : 40,
      "read_ticks" : 0,
      "write_ticks" : 4190539,
      "in_queue" : 4190545,
      "util" : 65.461674
    }
  ]
}
