{
  "fio version" : "fio-3.41",
  "timestamp" : 1784089421,
  "timestamp_ms" : 1784089421802,
  "time" : "Wed Jul 15 13:23:41 2026",
  "jobs" : [
    {
      "jobname" : "rand_write",
      "groupid" : 0,
      "job_start" : 1784089391157,
      "error" : 0,
      "eta" : 0,
      "elapsed" : 31,
      "job options" : {
        "name" : "rand_write",
        "directory" : "/home/kitalab/benchmark/2026-07-15-13-21/storage",
        "rw" : "randwrite",
        "bs" : "4k",
        "size" : "1G",
        "numjobs" : "4",
        "iodepth" : "32",
        "runtime" : "30",
        "time_based" : "",
        "group_reporting" : ""
      },
      "read" : {
        "io_bytes" : 0,
        "io_kbytes" : 0,
        "bw_bytes" : 0,
        "bw" : 0,
        "iops" : 0.000000,
        "runtime" : 0,
        "total_ios" : 0,
        "short_ios" : 0,
        "drop_ios" : 0,
        "slat_ns" : {
          "min" : 0,
          "max" : 0,
          "mean" : 0.000000,
          "stddev" : 0.000000,
          "N" : 0
        },
        "clat_ns" : {
          "min" : 0,
          "max" : 0,
          "mean" : 0.000000,
          "stddev" : 0.000000,
          "N" : 0
        },
        "lat_ns" : {
          "min" : 0,
          "max" : 0,
          "mean" : 0.000000,
          "stddev" : 0.000000,
          "N" : 0
        },
        "bw_min" : 0,
        "bw_max" : 0,
        "bw_agg" : 0.000000,
        "bw_mean" : 0.000000,
        "bw_dev" : 0.000000,
        "bw_samples" : 0,
        "iops_min" : 0,
        "iops_max" : 0,
        "iops_mean" : 0.000000,
        "iops_stddev" : 0.000000,
        "iops_samples" : 0
      },
      "write" : {
        "io_bytes" : 115778015232,
        "io_kbytes" : 113064468,
        "bw_bytes" : 3802108805,
        "bw" : 3712996,
        "iops" : 928249.220058,
        "runtime" : 30451,
        "total_ios" : 28266117,
        "short_ios" : 0,
        "drop_ios" : 0,
        "slat_ns" : {
          "min" : 0,
          "max" : 0,
          "mean" : 0.000000,
          "stddev" : 0.000000,
          "N" : 0
        },
        "clat_ns" : {
          "min" : 613,
          "max" : 71973504,
          "mean" : 1296.825951,
          "stddev" : 40504.137413,
          "N" : 28266117,
          "percentile" : {
            "1.000000" : 748,
            "5.000000" : 820,
            "10.000000" : 852,
            "20.000000" : 908,
            "30.000000" : 940,
            "40.000000" : 980,
            "50.000000" : 1020,
            "60.000000" : 1064,
            "70.000000" : 1112,
            "80.000000" : 1176,
            "90.000000" : 1304,
            "95.000000" : 1688,
            "99.000000" : 5088,
            "99.500000" : 6240,
            "99.900000" : 7968,
            "99.950000" : 19840,
            "99.990000" : 205824
          }
        },
        "lat_ns" : {
          "min" : 630,
          "max" : 71973520,
          "mean" : 1312.783600,
          "stddev" : 40504.151416,
          "N" : 28266117
        },
        "bw_min" : 503688,
        "bw_max" : 8388608,
        "bw_agg" : 100.000000,
        "bw_mean" : 4940392.123682,
        "bw_dev" : 668207.530184,
        "bw_samples" : 182,
        "iops_min" : 125920,
        "iops_max" : 2097152,
        "iops_mean" : 1235098.002470,
        "iops_stddev" : 167051.928741,
        "iops_samples" : 182
      },
      "trim" : {
        "io_bytes" : 0,
        "io_kbytes" : 0,
        "bw_bytes" : 0,
        "bw" : 0,
        "iops" : 0.000000,
        "runtime" : 0,
        "total_ios" : 0,
        "short_ios" : 0,
        "drop_ios" : 0,
        "slat_ns" : {
          "min" : 0,
          "max" : 0,
          "mean" : 0.000000,
          "stddev" : 0.000000,
          "N" : 0
        },
        "clat_ns" : {
          "min" : 0,
          "max" : 0,
          "mean" : 0.000000,
          "stddev" : 0.000000,
          "N" : 0
        },
        "lat_ns" : {
          "min" : 0,
          "max" : 0,
          "mean" : 0.000000,
          "stddev" : 0.000000,
          "N" : 0
        },
        "bw_min" : 0,
        "bw_max" : 0,
        "bw_agg" : 0.000000,
        "bw_mean" : 0.000000,
        "bw_dev" : 0.000000,
        "bw_samples" : 0,
        "iops_min" : 0,
        "iops_max" : 0,
        "iops_mean" : 0.000000,
        "iops_stddev" : 0.000000,
        "iops_samples" : 0
      },
      "sync" : {
        "total_ios" : 0,
        "lat_ns" : {
          "min" : 0,
          "max" : 0,
          "mean" : 0.000000,
          "stddev" : 0.000000,
          "N" : 0
        }
      },
      "job_runtime" : 121163,
      "usr_cpu" : 3.613314,
      "sys_cpu" : 49.895595,
      "ctx" : 532294,
      "majf" : 0,
      "minf" : 42,
      "iodepth_level" : {
        "1" : 100.000000,
        "2" : 0.000000,
        "4" : 0.000000,
        "8" : 0.000000,
        "16" : 0.000000,
        "32" : 0.000000,
        ">=64" : 0.000000
      },
      "iodepth_submit" : {
        "0" : 0.000000,
        "4" : 100.000000,
        "8" : 0.000000,
        "16" : 0.000000,
        "32" : 0.000000,
        "64" : 0.000000,
        ">=64" : 0.000000
      },
      "iodepth_complete" : {
        "0" : 0.000000,
        "4" : 100.000000,
        "8" : 0.000000,
        "16" : 0.000000,
        "32" : 0.000000,
        "64" : 0.000000,
        ">=64" : 0.000000
      },
      "latency_ns" : {
        "2" : 0.000000,
        "4" : 0.000000,
        "10" : 0.000000,
        "20" : 0.000000,
        "50" : 0.000000,
        "100" : 0.000000,
        "250" : 0.000000,
        "500" : 0.000000,
        "750" : 0.963079,
        "1000" : 44.119229
      },
      "latency_us" : {
        "2" : 50.330054,
        "4" : 3.304338,
        "10" : 1.227190,
        "20" : 0.010000,
        "50" : 0.010000,
        "100" : 0.020183,
        "250" : 0.022716,
        "500" : 0.010000,
        "750" : 0.010000,
        "1000" : 0.000000
      },
      "latency_ms" : {
        "2" : 0.000000,
        "4" : 0.010000,
        "10" : 0.010000,
        "20" : 0.010000,
        "50" : 0.010000,
        "100" : 0.010000,
        "250" : 0.000000,
        "500" : 0.000000,
        "750" : 0.000000,
        "1000" : 0.000000,
        "2000" : 0.000000,
        ">=2000" : 0.000000
      },
      "latency_depth" : 32,
      "latency_target" : 0,
      "latency_percentile" : 100.000000,
      "latency_window" : 0
    }
  ],
  "disk_util" : [
    {
      "name" : "dm-0",
      "read_ios" : 0,
      "write_ios" : 1187476,
      "read_sectors" : 0,
      "write_sectors" : 224971416,
      "read_merges" : 0,
      "write_merges" : 0,
      "read_ticks" : 0,
      "write_ticks" : 2516844,
      "in_queue" : 2516844,
      "util" : 97.732419,
      "aggr_read_ios" : 0,
      "aggr_write_ios" : 1822708,
      "aggr_read_sectors" : 0,
      "aggr_write_sectors" : 225494960,
      "aggr_read_merges" : 0,
      "aggr_write_merge" : 707,
      "aggr_read_ticks" : 0,
      "aggr_write_ticks" : 11476939,
      "aggr_in_queue" : 11476970,
      "aggr_util" : 80.597846
    },
    {
      "name" : "nvme0n1",
      "read_ios" : 0,
      "write_ios" : 1822708,
      "read_sectors" : 0,
      "write_sectors" : 225494960,
      "read_merges" : 0,
      "write_merges" : 707,
      "read_ticks" : 0,
      "write_ticks" : 11476939,
      "in_queue" : 11476970,
      "util" : 80.597846
    }
  ]
}
