{
  "fio version" : "fio-3.41",
  "timestamp" : 1784089454,
  "timestamp_ms" : 1784089454799,
  "time" : "Wed Jul 15 13:24:14 2026",
  "jobs" : [
    {
      "jobname" : "rand_read",
      "groupid" : 0,
      "job_start" : 1784089424763,
      "error" : 0,
      "eta" : 0,
      "elapsed" : 31,
      "job options" : {
        "name" : "rand_read",
        "directory" : "/home/kitalab/benchmark/2026-07-15-13-21/storage",
        "rw" : "randread",
        "bs" : "4k",
        "size" : "1G",
        "numjobs" : "4",
        "iodepth" : "32",
        "runtime" : "30",
        "time_based" : "",
        "group_reporting" : ""
      },
      "read" : {
        "io_bytes" : 8243470336,
        "io_kbytes" : 8050264,
        "bw_bytes" : 274773185,
        "bw" : 268333,
        "iops" : 67083.297223,
        "runtime" : 30001,
        "total_ios" : 2012566,
        "short_ios" : 0,
        "drop_ios" : 0,
        "slat_ns" : {
          "min" : 0,
          "max" : 0,
          "mean" : 0.000000,
          "stddev" : 0.000000,
          "N" : 0
        },
        "clat_ns" : {
          "min" : 44113,
          "max" : 1882870,
          "mean" : 59137.438171,
          "stddev" : 9292.859717,
          "N" : 2012566,
          "percentile" : {
            "1.000000" : 53504,
            "5.000000" : 54528,
            "10.000000" : 55040,
            "20.000000" : 55552,
            "30.000000" : 56064,
            "40.000000" : 56576,
            "50.000000" : 56576,
            "60.000000" : 57088,
            "70.000000" : 57600,
            "80.000000" : 58112,
            "90.000000" : 64768,
            "95.000000" : 78336,
            "99.000000" : 92672,
            "99.500000" : 97792,
            "99.900000" : 128512,
            "99.950000" : 162816,
            "99.990000" : 248832
          }
        },
        "lat_ns" : {
          "min" : 44169,
          "max" : 1884000,
          "mean" : 59168.723485,
          "stddev" : 9294.551224,
          "N" : 2012566
        },
        "bw_min" : 217048,
        "bw_max" : 271904,
        "bw_agg" : 100.000000,
        "bw_mean" : 268620.881356,
        "bw_dev" : 1727.323905,
        "bw_samples" : 236,
        "iops_min" : 54262,
        "iops_max" : 67976,
        "iops_mean" : 67155.220339,
        "iops_stddev" : 431.830976,
        "iops_samples" : 236
      },
      "write" : {
        "io_bytes" : 0,
        "io_kbytes" : 0,
        "bw_bytes" : 0,
        "bw" : 0,
        "iops" : 0.000000,
        "runtime" : 0,
        "total_ios" : 0,
        "short_ios" : 0,
        "drop_ios" : 0,
        "slat_ns" : {
          "min" : 0,
          "max" : 0,
          "mean" : 0.000000,
          "stddev" : 0.000000,
          "N" : 0
        },
        "clat_ns" : {
          "min" : 0,
          "max" : 0,
          "mean" : 0.000000,
          "stddev" : 0.000000,
          "N" : 0
        },
        "lat_ns" : {
          "min" : 0,
          "max" : 0,
          "mean" : 0.000000,
          "stddev" : 0.000000,
          "N" : 0
        },
        "bw_min" : 0,
        "bw_max" : 0,
        "bw_agg" : 0.000000,
        "bw_mean" : 0.000000,
        "bw_dev" : 0.000000,
        "bw_samples" : 0,
        "iops_min" : 0,
        "iops_max" : 0,
        "iops_mean" : 0.000000,
        "iops_stddev" : 0.000000,
        "iops_samples" : 0
      },
      "trim" : {
        "io_bytes" : 0,
        "io_kbytes" : 0,
        "bw_bytes" : 0,
        "bw" : 0,
        "iops" : 0.000000,
        "runtime" : 0,
        "total_ios" : 0,
        "short_ios" : 0,
        "drop_ios" : 0,
        "slat_ns" : {
          "min" : 0,
          "max" : 0,
          "mean" : 0.000000,
          "stddev" : 0.000000,
          "N" : 0
        },
        "clat_ns" : {
          "min" : 0,
          "max" : 0,
          "mean" : 0.000000,
          "stddev" : 0.000000,
          "N" : 0
        },
        "lat_ns" : {
          "min" : 0,
          "max" : 0,
          "mean" : 0.000000,
          "stddev" : 0.000000,
          "N" : 0
        },
        "bw_min" : 0,
        "bw_max" : 0,
        "bw_agg" : 0.000000,
        "bw_mean" : 0.000000,
        "bw_dev" : 0.000000,
        "bw_samples" : 0,
        "iops_min" : 0,
        "iops_max" : 0,
        "iops_mean" : 0.000000,
        "iops_stddev" : 0.000000,
        "iops_samples" : 0
      },
      "sync" : {
        "total_ios" : 0,
        "lat_ns" : {
          "min" : 0,
          "max" : 0,
          "mean" : 0.000000,
          "stddev" : 0.000000,
          "N" : 0
        }
      },
      "job_runtime" : 120000,
      "usr_cpu" : 0.933333,
      "sys_cpu" : 6.742500,
      "ctx" : 2012591,
      "majf" : 0,
      "minf" : 40,
      "iodepth_level" : {
        "1" : 100.000000,
        "2" : 0.000000,
        "4" : 0.000000,
        "8" : 0.000000,
        "16" : 0.000000,
        "32" : 0.000000,
        ">=64" : 0.000000
      },
      "iodepth_submit" : {
        "0" : 0.000000,
        "4" : 100.000000,
        "8" : 0.000000,
        "16" : 0.000000,
        "32" : 0.000000,
        "64" : 0.000000,
        ">=64" : 0.000000
      },
      "iodepth_complete" : {
        "0" : 0.000000,
        "4" : 100.000000,
        "8" : 0.000000,
        "16" : 0.000000,
        "32" : 0.000000,
        "64" : 0.000000,
        ">=64" : 0.000000
      },
      "latency_ns" : {
        "2" : 0.000000,
        "4" : 0.000000,
        "10" : 0.000000,
        "20" : 0.000000,
        "50" : 0.000000,
        "100" : 0.000000,
        "250" : 0.000000,
        "500" : 0.000000,
        "750" : 0.000000,
        "1000" : 0.000000
      },
      "latency_us" : {
        "2" : 0.000000,
        "4" : 0.000000,
        "10" : 0.000000,
        "20" : 0.000000,
        "50" : 0.035477,
        "100" : 99.498451,
        "250" : 0.456184,
        "500" : 0.010000,
        "750" : 0.010000,
        "1000" : 0.010000
      },
      "latency_ms" : {
        "2" : 0.010000,
        "4" : 0.000000,
        "10" : 0.000000,
        "20" : 0.000000,
        "50" : 0.000000,
        "100" : 0.000000,
        "250" : 0.000000,
        "500" : 0.000000,
        "750" : 0.000000,
        "1000" : 0.000000,
        "2000" : 0.000000,
        ">=2000" : 0.000000
      },
      "latency_depth" : 32,
      "latency_target" : 0,
      "latency_percentile" : 100.000000,
      "latency_window" : 0
    }
  ],
  "disk_util" : [
    {
      "name" : "dm-0",
      "read_ios" : 2009394,
      "write_ios" : 49,
      "read_sectors" : 16075152,
      "write_sectors" : 400,
      "read_merges" : 0,
      "write_merges" : 0,
      "read_ticks" : 111298,
      "write_ticks" : 5354,
      "in_queue" : 116652,
      "util" : 99.526998,
      "aggr_read_ios" : 2012566,
      "aggr_write_ios" : 14,
      "aggr_read_sectors" : 16100528,
      "aggr_write_sectors" : 400,
      "aggr_read_merges" : 0,
      "aggr_write_merge" : 35,
      "aggr_read_ticks" : 112025,
      "aggr_write_ticks" : 5356,
      "aggr_in_queue" : 117381,
      "aggr_util" : 78.368405
    },
    {
      "name" : "nvme0n1",
      "read_ios" : 2012566,
      "write_ios" : 14,
      "read_sectors" : 16100528,
      "write_sectors" : 400,
      "read_merges" : 0,
      "write_merges" : 35,
      "read_ticks" : 112025,
      "write_ticks" : 5356,
      "in_queue" : 117381,
      "util" : 78.368405
    }
  ]
}
