{
	"start":	{
		"connected":	[{
				"socket":	5,
				"local_host":	"192.168.50.13",
				"local_port":	33658,
				"remote_host":	"192.168.50.65",
				"remote_port":	5201
			}],
		"version":	"iperf 3.20",
		"system_info":	"Linux kitalab 7.0.0-27-generic #27-Ubuntu SMP PREEMPT_DYNAMIC Thu Jun 18 19:13:49 UTC 2026 x86_64",
		"timestamp":	{
			"time":	"Wed, 22 Jul 2026 07:58:27 GMT",
			"timesecs":	1784707107,
			"timemillisecs":	1784707107254
		},
		"connecting_to":	{
			"host":	"192.168.50.65",
			"port":	5201
		},
		"cookie":	"gemi34h6e42rfpizm3k25fmyuhy6evvelfq4",
		"target_bitrate":	1000000000,
		"fq_rate":	0,
		"sock_bufsize":	0,
		"sndbuf_actual":	212992,
		"rcvbuf_actual":	212992,
		"test_start":	{
			"protocol":	"UDP",
			"num_streams":	1,
			"blksize":	1448,
			"omit":	0,
			"duration":	30,
			"bytes":	0,
			"blocks":	0,
			"reverse":	0,
			"tos":	0,
			"target_bitrate":	1000000000,
			"bidir":	0,
			"fqrate":	0,
			"interval":	1
		}
	},
	"intervals":	[{
			"streams":	[{
					"socket":	5,
					"start":	0,
					"end":	1.001107,
					"seconds":	1.0011069774627686,
					"bytes":	119752496,
					"bits_per_second":	956960634.14524448,
					"packets":	82703,
					"omitted":	false,
					"sender":	true
				}],
			"sum":	{
				"start":	0,
				"end":	1.001107,
				"seconds":	1.0011069774627686,
				"bytes":	119752496,
				"bits_per_second":	956960634.14524448,
				"packets":	82703,
				"omitted":	false,
				"sender":	true
			}
		}, {
			"streams":	[{
					"socket":	5,
					"start":	1.001107,
					"end":	2.001118,
					"seconds":	1.0000109672546387,
					"bytes":	119593216,
					"bits_per_second":	956735235.24105334,
					"packets":	82592,
					"omitted":	false,
					"sender":	true
				}],
			"sum":	{
				"start":	1.001107,
				"end":	2.001118,
				"seconds":	1.0000109672546387,
				"bytes":	119593216,
				"bits_per_second":	956735235.24105334,
				"packets":	82592,
				"omitted":	false,
				"sender":	true
			}
		}, {
			"streams":	[{
					"socket":	5,
					"start":	2.001118,
					"end":	3.001118,
					"seconds":	1,
					"bytes":	119533848,
					"bits_per_second":	956270784,
					"packets":	82551,
					"omitted":	false,
					"sender":	true
				}],
			"sum":	{
				"start":	2.001118,
				"end":	3.001118,
				"seconds":	1,
				"bytes":	119533848,
				"bits_per_second":	956270784,
				"packets":	82551,
				"omitted":	false,
				"sender":	true
			}
		}, {
			"streams":	[{
					"socket":	5,
					"start":	3.001118,
					"end":	4.001098,
					"seconds":	0.99997997283935547,
					"bytes":	119526608,
					"bits_per_second":	956232014.61217,
					"packets":	82546,
					"omitted":	false,
					"sender":	true
				}],
			"sum":	{
				"start":	3.001118,
				"end":	4.001098,
				"seconds":	0.99997997283935547,
				"bytes":	119526608,
				"bits_per_second":	956232014.61217,
				"packets":	82546,
				"omitted":	false,
				"sender":	true
			}
		}, {
			"streams":	[{
					"socket":	5,
					"start":	4.001098,
					"end":	5.001102,
					"seconds":	1.0000040531158447,
					"bytes":	119588872,
					"bits_per_second":	956707098.355301,
					"packets":	82589,
					"omitted":	false,
					"sender":	true
				}],
			"sum":	{
				"start":	4.001098,
				"end":	5.001102,
				"seconds":	1.0000040531158447,
				"bytes":	119588872,
				"bits_per_second":	956707098.355301,
				"packets":	82589,
				"omitted":	false,
				"sender":	true
			}
		}, {
			"streams":	[{
					"socket":	5,
					"start":	5.001102,
					"end":	6.001102,
					"seconds":	1,
					"bytes":	119526608,
					"bits_per_second":	956212864,
					"packets":	82546,
					"omitted":	false,
					"sender":	true
				}],
			"sum":	{
				"start":	5.001102,
				"end":	6.001102,
				"seconds":	1,
				"bytes":	119526608,
				"bits_per_second":	956212864,
				"packets":	82546,
				"omitted":	false,
				"sender":	true
			}
		}, {
			"streams":	[{
					"socket":	5,
					"start":	6.001102,
					"end":	7.001114,
					"seconds":	1.0000120401382446,
					"bytes":	119588872,
					"bits_per_second":	956699457.20627666,
					"packets":	82589,
					"omitted":	false,
					"sender":	true
				}],
			"sum":	{
				"start":	6.001102,
				"end":	7.001114,
				"seconds":	1.0000120401382446,
				"bytes":	119588872,
				"bits_per_second":	956699457.20627666,
				"packets":	82589,
				"omitted":	false,
				"sender":	true
			}
		}, {
			"streams":	[{
					"socket":	5,
					"start":	7.001114,
					"end":	8.001216,
					"seconds":	1.0001020431518555,
					"bytes":	119530952,
					"bits_per_second":	956150047.435513,
					"packets":	82549,
					"omitted":	false,
					"sender":	true
				}],
			"sum":	{
				"start":	7.001114,
				"end":	8.001216,
				"seconds":	1.0001020431518555,
				"bytes":	119530952,
				"bits_per_second":	956150047.435513,
				"packets":	82549,
				"omitted":	false,
				"sender":	true
			}
		}, {
			"streams":	[{
					"socket":	5,
					"start":	8.001216,
					"end":	9.001099,
					"seconds":	0.999882996082306,
					"bytes":	119545432,
					"bits_per_second":	956475367.36515963,
					"packets":	82559,
					"omitted":	false,
					"sender":	true
				}],
			"sum":	{
				"start":	8.001216,
				"end":	9.001099,
				"seconds":	0.999882996082306,
				"bytes":	119545432,
				"bits_per_second":	956475367.36515963,
				"packets":	82559,
				"omitted":	false,
				"sender":	true
			}
		}, {
			"streams":	[{
					"socket":	5,
					"start":	9.001099,
					"end":	10.001106,
					"seconds":	1.0000070333480835,
					"bytes":	119526608,
					"bits_per_second":	956206138.66938722,
					"packets":	82546,
					"omitted":	false,
					"sender":	true
				}],
			"sum":	{
				"start":	9.001099,
				"end":	10.001106,
				"seconds":	1.0000070333480835,
				"bytes":	119526608,
				"bits_per_second":	956206138.66938722,
				"packets":	82546,
				"omitted":	false,
				"sender":	true
			}
		}, {
			"streams":	[{
					"socket":	5,
					"start":	10.001106,
					"end":	11.00112,
					"seconds":	1.0000139474868774,
					"bytes":	119607696,
					"bits_per_second":	956848222.37197471,
					"packets":	82602,
					"omitted":	false,
					"sender":	true
				}],
			"sum":	{
				"start":	10.001106,
				"end":	11.00112,
				"seconds":	1.0000139474868774,
				"bytes":	119607696,
				"bits_per_second":	956848222.37197471,
				"packets":	82602,
				"omitted":	false,
				"sender":	true
			}
		}, {
			"streams":	[{
					"socket":	5,
					"start":	11.00112,
					"end":	12.00119,
					"seconds":	1.0000699758529663,
					"bytes":	119522264,
					"bits_per_second":	956111207.30273831,
					"packets":	82543,
					"omitted":	false,
					"sender":	true
				}],
			"sum":	{
				"start":	11.00112,
				"end":	12.00119,
				"seconds":	1.0000699758529663,
				"bytes":	119522264,
				"bits_per_second":	956111207.30273831,
				"packets":	82543,
				"omitted":	false,
				"sender":	true
			}
		}, {
			"streams":	[{
					"socket":	5,
					"start":	12.00119,
					"end":	13.001106,
					"seconds":	0.99991601705551147,
					"bytes":	119528056,
					"bits_per_second":	956304761.28968155,
					"packets":	82547,
					"omitted":	false,
					"sender":	true
				}],
			"sum":	{
				"start":	12.00119,
				"end":	13.001106,
				"seconds":	0.99991601705551147,
				"bytes":	119528056,
				"bits_per_second":	956304761.28968155,
				"packets":	82547,
				"omitted":	false,
				"sender":	true
			}
		}, {
			"streams":	[{
					"socket":	5,
					"start":	13.001106,
					"end":	14.001098,
					"seconds":	0.9999920129776,
					"bytes":	119603352,
					"bits_per_second":	956834458.258251,
					"packets":	82599,
					"omitted":	false,
					"sender":	true
				}],
			"sum":	{
				"start":	13.001106,
				"end":	14.001098,
				"seconds":	0.9999920129776,
				"bytes":	119603352,
				"bits_per_second":	956834458.258251,
				"packets":	82599,
				"omitted":	false,
				"sender":	true
			}
		}, {
			"streams":	[{
					"socket":	5,
					"start":	14.001098,
					"end":	15.001114,
					"seconds":	1.0000159740448,
					"bytes":	119533848,
					"bits_per_second":	956255508.73166347,
					"packets":	82551,
					"omitted":	false,