{
	"start":	{
		"connected":	[{
				"socket":	5,
				"local_host":	"192.168.50.13",
				"local_port":	48574,
				"remote_host":	"192.168.50.65",
				"remote_port":	5201
			}],
		"version":	"iperf 3.20",
		"system_info":	"Linux kitalab 7.0.0-27-generic #27-Ubuntu SMP PREEMPT_DYNAMIC Thu Jun 18 19:13:49 UTC 2026 x86_64",
		"timestamp":	{
			"time":	"Wed, 22 Jul 2026 07:57:56 GMT",
			"timesecs":	1784707076,
			"timemillisecs":	1784707076086
		},
		"connecting_to":	{
			"host":	"192.168.50.65",
			"port":	5201
		},
		"cookie":	"hwt4vf7fmg7fzid5dzcvupz5jgpq7s3ugwls",
		"tcp_mss_default":	1448,
		"target_bitrate":	0,
		"fq_rate":	0,
		"sock_bufsize":	0,
		"sndbuf_actual":	16384,
		"rcvbuf_actual":	131072,
		"test_start":	{
			"protocol":	"TCP",
			"num_streams":	1,
			"blksize":	131072,
			"omit":	0,
			"duration":	30,
			"bytes":	0,
			"blocks":	0,
			"reverse":	1,
			"tos":	0,
			"target_bitrate":	0,
			"bidir":	0,
			"fqrate":	0,
			"interval":	1
		}
	},
	"intervals":	[{
			"streams":	[{
					"socket":	5,
					"start":	0,
					"end":	1.001136,
					"seconds":	1.0011359453201294,
					"bytes":	99090432,
					"bits_per_second":	791823987.24732,
					"omitted":	false,
					"sender":	false
				}],
			"sum":	{
				"start":	0,
				"end":	1.001136,
				"seconds":	1.0011359453201294,
				"bytes":	99090432,
				"bits_per_second":	791823987.24732,
				"omitted":	false,
				"sender":	false
			}
		}, {
			"streams":	[{
					"socket":	5,
					"start":	1.001136,
					"end":	2.001133,
					"seconds":	0.99999701976776123,
					"bytes":	98435072,
					"bits_per_second":	787482922.88199425,
					"omitted":	false,
					"sender":	false
				}],
			"sum":	{
				"start":	1.001136,
				"end":	2.001133,
				"seconds":	0.99999701976776123,
				"bytes":	98435072,
				"bits_per_second":	787482922.88199425,
				"omitted":	false,
				"sender":	false
			}
		}, {
			"streams":	[{
					"socket":	5,
					"start":	2.001133,
					"end":	3.001127,
					"seconds":	0.99999397993087769,
					"bytes":	78512128,
					"bits_per_second":	628100805.210263,
					"omitted":	false,
					"sender":	false
				}],
			"sum":	{
				"start":	2.001133,
				"end":	3.001127,
				"seconds":	0.99999397993087769,
				"bytes":	78512128,
				"bits_per_second":	628100805.210263,
				"omitted":	false,
				"sender":	false
			}
		}, {
			"streams":	[{
					"socket":	5,
					"start":	3.001127,
					"end":	4.001114,
					"seconds":	0.999987006187439,
					"bytes":	87031808,
					"bits_per_second":	696263511.11755657,
					"omitted":	false,
					"sender":	false
				}],
			"sum":	{
				"start":	3.001127,
				"end":	4.001114,
				"seconds":	0.999987006187439,
				"bytes":	87031808,
				"bits_per_second":	696263511.11755657,
				"omitted":	false,
				"sender":	false
			}
		}, {
			"streams":	[{
					"socket":	5,
					"start":	4.001114,
					"end":	5.001153,
					"seconds":	1.0000389814376831,
					"bytes":	88866816,
					"bits_per_second":	710906815.83026028,
					"omitted":	false,
					"sender":	false
				}],
			"sum":	{
				"start":	4.001114,
				"end":	5.001153,
				"seconds":	1.0000389814376831,
				"bytes":	88866816,
				"bits_per_second":	710906815.83026028,
				"omitted":	false,
				"sender":	false
			}
		}, {
			"streams":	[{
					"socket":	5,
					"start":	5.001153,
					"end":	6.001123,
					"seconds":	0.999970018863678,
					"bytes":	105512960,
					"bits_per_second":	844128987.946261,
					"omitted":	false,
					"sender":	false
				}],
			"sum":	{
				"start":	5.001153,
				"end":	6.001123,
				"seconds":	0.999970018863678,
				"bytes":	105512960,
				"bits_per_second":	844128987.946261,
				"omitted":	false,
				"sender":	false
			}
		}, {
			"streams":	[{
					"socket":	5,
					"start":	6.001123,
					"end":	7.00116,
					"seconds":	1.0000369548797607,
					"bytes":	94109696,
					"bits_per_second":	752849746.528139,
					"omitted":	false,
					"sender":	false
				}],
			"sum":	{
				"start":	6.001123,
				"end":	7.00116,
				"seconds":	1.0000369548797607,
				"bytes":	94109696,
				"bits_per_second":	752849746.528139,
				"omitted":	false,
				"sender":	false
			}
		}, {
			"streams":	[{
					"socket":	5,
					"start":	7.00116,
					"end":	8.001152,
					"seconds":	0.9999920129776,
					"bytes":	96075776,
					"bits_per_second":	768612346.92403173,
					"omitted":	false,
					"sender":	false
				}],
			"sum":	{
				"start":	7.00116,
				"end":	8.001152,
				"seconds":	0.9999920129776,
				"bytes":	96075776,
				"bits_per_second":	768612346.92403173,
				"omitted":	false,
				"sender":	false
			}
		}, {
			"streams":	[{
					"socket":	5,
					"start":	8.001152,
					"end":	9.001134,
					"seconds":	0.99998199939727783,
					"bytes":	97517568,
					"bits_per_second":	780154587.252787,
					"omitted":	false,
					"sender":	false
				}],
			"sum":	{
				"start":	8.001152,
				"end":	9.001134,
				"seconds":	0.99998199939727783,
				"bytes":	97517568,
				"bits_per_second":	780154587.252787,
				"omitted":	false,
				"sender":	false
			}
		}, {
			"streams":	[{
					"socket":	5,
					"start":	9.001134,
					"end":	10.001125,
					"seconds":	0.999990999698639,
					"bytes":	106299392,
					"bits_per_second":	850402789.88138723,
					"omitted":	false,
					"sender":	false
				}],
			"sum":	{
				"start":	9.001134,
				"end":	10.001125,
				"seconds":	0.999990999698639,
				"bytes":	106299392,
				"bits_per_second":	850402789.88138723,
				"omitted":	false,
				"sender":	false
			}
		}, {
			"streams":	[{
					"socket":	5,
					"start":	10.001125,
					"end":	11.00112,
					"seconds":	0.999994993209839,
					"bytes":	97255424,
					"bits_per_second":	778047287.519504,
					"omitted":	false,
					"sender":	false
				}],
			"sum":	{
				"start":	10.001125,
				"end":	11.00112,
				"seconds":	0.999994993209839,
				"bytes":	97255424,
				"bits_per_second":	778047287.519504,
				"omitted":	false,
				"sender":	false
			}
		}, {
			"streams":	[{
					"socket":	5,
					"start":	11.00112,
					"end":	12.001123,
					"seconds":	1.0000029802322388,
					"bytes":	89128960,
					"bits_per_second":	713029555.006333,
					"omitted":	false,
					"sender":	false
				}],
			"sum":	{
				"start":	11.00112,
				"end":	12.001123,
				"seconds":	1.0000029802322388,
				"bytes":	89128960,
				"bits_per_second":	713029555.006333,
				"omitted":	false,
				"sender":	false
			}
		}, {
			"streams":	[{
					"socket":	5,
					"start":	12.001123,
					"end":	13.001121,
					"seconds":	0.99999797344207764,
					"bytes":	94633984,
					"bits_per_second":	757073406.25310922,
					"omitted":	false,
					"sender":	false
				}],
			"sum":	{
				"start":	12.001123,
				"end":	13.001121,
				"seconds":	0.99999797344207764,
				"bytes":	94633984,
				"bits_per_second":	757073406.25310922,
				"omitted":	false,
				"sender":	false
			}
		}, {
			"streams":	[{
					"socket":	5,
					"start":	13.001121,
					"end":	14.001133,
					"seconds":	1.0000120401382446,
					"bytes":	106954752,
					"bits_per_second":	855627714.124036,
					"omitted":	false,
					"sender":	false
				}],
			"sum":	{
				"start":	13.001121,
				"end":	14.001133,
				"seconds":	1.0000120401382446,
				"bytes":	106954752,
				"bits_per_second":	855627714.124036,
				"omitted":	false,
				"sender":	false
			}
		}, {
			"streams":	[{
					"socket":	5,
					"start":	14.001133,
					"end":	15.001135,
					"seconds":	1.0000020265579224,
					"bytes":	90701824,
					"bits_per_second":	725613121.50298,
					"omitted":	false,
					"sender":	false
				}],
			"sum":	{
				"start":	14.001133,
				"end":	15.001135,
				"seconds":	1.0000020265579224,
				"bytes":	90701824,
				"bits_per_second":	725613121.50298,
				"omitted":	false,
				"sender":	false
			}
		}, {
			"streams":	[{
					"socket":	5,
					"start":	15.001135,
					"end":	16.001108,
					"seconds":	0.99997299909591675,
					"bytes":	77332480,
					"bits_per_second":	618676544.82604539,
					"omitted":	false,
					"sender":	false
				}],
			"sum":	{
				"start":	15.001135,
				"end":	16.001108,
				"seconds":	0.99997299909591675,