{
  "fio version" : "fio-3.41",
  "timestamp" : 1784707010,
  "timestamp_ms" : 1784707010711,
  "time" : "Wed Jul 22 16:56:50 2026",
  "jobs" : [
    {
      "jobname" : "rand_write",
      "groupid" : 0,
      "job_start" : 1784706980065,
      "error" : 0,
      "eta" : 0,
      "elapsed" : 31,
      "job options" : {
        "name" : "rand_write",
        "directory" : "/home/kitalab/benchmark/2026-07-22-16-54/storage",
        "rw" : "randwrite",
        "bs" : "4k",
        "size" : "1G",
        "numjobs" : "4",
        "iodepth" : "32",
        "runtime" : "30",
        "time_based" : "",
        "group_reporting" : ""
      },
      "read" : {
        "io_bytes" : 0,
        "io_kbytes" : 0,
        "bw_bytes" : 0,
        "bw" : 0,
        "iops" : 0.000000,
        "runtime" : 0,
        "total_ios" : 0,
        "short_ios" : 0,
        "drop_ios" : 0,
        "slat_ns" : {
          "min" : 0,
          "max" : 0,
          "mean" : 0.000000,
          "stddev" : 0.000000,
          "N" : 0
        },
        "clat_ns" : {
          "min" : 0,
          "max" : 0,
          "mean" : 0.000000,
          "stddev" : 0.000000,
          "N" : 0
        },
        "lat_ns" : {
          "min" : 0,
          "max" : 0,
          "mean" : 0.000000,
          "stddev" : 0.000000,
          "N" : 0
        },
        "bw_min" : 0,
        "bw_max" : 0,
        "bw_agg" : 0.000000,
        "bw_mean" : 0.000000,
        "bw_dev" : 0.000000,
        "bw_samples" : 0,
        "iops_min" : 0,
        "iops_max" : 0,
        "iops_mean" : 0.000000,
        "iops_stddev" : 0.000000,
        "iops_samples" : 0
      },
      "write" : {
        "io_bytes" : 115547369472,
        "io_kbytes" : 112839228,
        "bw_bytes" : 3790675463,
        "bw" : 3701831,
        "iops" : 925457.876780,
        "runtime" : 30482,
        "total_ios" : 28209807,
        "short_ios" : 0,
        "drop_ios" : 0,
        "slat_ns" : {
          "min" : 0,
          "max" : 0,
          "mean" : 0.000000,
          "stddev" : 0.000000,
          "N" : 0
        },
        "clat_ns" : {
          "min" : 600,
          "max" : 42171740,
          "mean" : 1512.993021,
          "stddev" : 92715.355963,
          "N" : 28209807,
          "percentile" : {
            "1.000000" : 756,
            "5.000000" : 820,
            "10.000000" : 860,
            "20.000000" : 908,
            "30.000000" : 948,
            "40.000000" : 988,
            "50.000000" : 1020,
            "60.000000" : 1064,
            "70.000000" : 1112,
            "80.000000" : 1176,
            "90.000000" : 1304,
            "95.000000" : 1736,
            "99.000000" : 5088,
            "99.500000" : 6240,
            "99.900000" : 7968,
            "99.950000" : 31872,
            "99.990000" : 203776
          }
        },
        "lat_ns" : {
          "min" : 615,
          "max" : 42171755,
          "mean" : 1528.919932,
          "stddev" : 92715.360140,
          "N" : 28209807
        },
        "bw_min" : 235424,
        "bw_max" : 8388608,
        "bw_agg" : 100.000000,
        "bw_mean" : 4488932.658431,
        "bw_dev" : 579651.578892,
        "bw_samples" : 200,
        "iops_min" : 58858,
        "iops_max" : 2097152,
        "iops_mean" : 1122233.284706,
        "iops_stddev" : 144912.833387,
        "iops_samples" : 200
      },
      "trim" : {
        "io_bytes" : 0,
        "io_kbytes" : 0,
        "bw_bytes" : 0,
        "bw" : 0,
        "iops" : 0.000000,
        "runtime" : 0,
        "total_ios" : 0,
        "short_ios" : 0,
        "drop_ios" : 0,
        "slat_ns" : {
          "min" : 0,
          "max" : 0,
          "mean" : 0.000000,
          "stddev" : 0.000000,
          "N" : 0
        },
        "clat_ns" : {
          "min" : 0,
          "max" : 0,
          "mean" : 0.000000,
          "stddev" : 0.000000,
          "N" : 0
        },
        "lat_ns" : {
          "min" : 0,
          "max" : 0,
          "mean" : 0.000000,
          "stddev" : 0.000000,
          "N" : 0
        },
        "bw_min" : 0,
        "bw_max" : 0,
        "bw_agg" : 0.000000,
        "bw_mean" : 0.000000,
        "bw_dev" : 0.000000,
        "bw_samples" : 0,
        "iops_min" : 0,
        "iops_max" : 0,
        "iops_mean" : 0.000000,
        "iops_stddev" : 0.000000,
        "iops_samples" : 0
      },
      "sync" : {
        "total_ios" : 0,
        "lat_ns" : {
          "min" : 0,
          "max" : 0,
          "mean" : 0.000000,
          "stddev" : 0.000000,
          "N" : 0
        }
      },
      "job_runtime" : 121232,
      "usr_cpu" : 3.716840,
      "sys_cpu" : 49.213079,
      "ctx" : 621072,
      "majf" : 0,
      "minf" : 45,
      "iodepth_level" : {
        "1" : 100.000000,
        "2" : 0.000000,
        "4" : 0.000000,
        "8" : 0.000000,
        "16" : 0.000000,
        "32" : 0.000000,
        ">=64" : 0.000000
      },
      "iodepth_submit" : {
        "0" : 0.000000,
        "4" : 100.000000,
        "8" : 0.000000,
        "16" : 0.000000,
        "32" : 0.000000,
        "64" : 0.000000,
        ">=64" : 0.000000
      },
      "iodepth_complete" : {
        "0" : 0.000000,
        "4" : 100.000000,
        "8" : 0.000000,
        "16" : 0.000000,
        "32" : 0.000000,
        "64" : 0.000000,
        ">=64" : 0.000000
      },
      "latency_ns" : {
        "2" : 0.000000,
        "4" : 0.000000,
        "10" : 0.000000,
        "20" : 0.000000,
        "50" : 0.000000,
        "100" : 0.000000,
        "250" : 0.000000,
        "500" : 0.000000,
        "750" : 0.786149,
        "1000" : 43.512761
      },
      "latency_us" : {
        "2" : 51.060498,
        "4" : 3.359243,
        "10" : 1.223458,
        "20" : 0.010000,
        "50" : 0.010000,
        "100" : 0.020769,
        "250" : 0.022609,
        "500" : 0.010000,
        "750" : 0.000000,
        "1000" : 0.000000
      },
      "latency_ms" : {
        "2" : 0.000000,
        "4" : 0.010000,
        "10" : 0.010000,
        "20" : 0.010000,
        "50" : 0.010000,
        "100" : 0.000000,
        "250" : 0.000000,
        "500" : 0.000000,
        "750" : 0.000000,
        "1000" : 0.000000,
        "2000" : 0.000000,
        ">=2000" : 0.000000
      },
      "latency_depth" : 32,
      "latency_target" : 0,
      "latency_percentile" : 100.000000,
      "latency_window" : 0
    }
  ],
  "disk_util" : [
    {
      "name" : "dm-0",
      "read_ios" : 0,
      "write_ios" : 1179599,
      "read_sectors" : 0,
      "write_sectors" : 224767184,
      "read_merges" : 0,
      "write_merges" : 0,
      "read_ticks" : 0,
      "write_ticks" : 2548745,
      "in_queue" : 2548745,
      "util" : 97.830653,
      "aggr_read_ios" : 0,
      "aggr_write_ios" : 1826884,
      "aggr_read_sectors" : 0,
      "aggr_write_sectors" : 225510752,
      "aggr_read_merges" : 0,
      "aggr_write_merge" : 1299,
      "aggr_read_ticks" : 0,
      "aggr_write_ticks" : 11992123,
      "aggr_in_queue" : 11992142,
      "aggr_util" : 79.901865
    },
    {
      "name" : "nvme0n1",
      "read_ios" : 0,
      "write_ios" : 1826884,
      "read_sectors" : 0,
      "write_sectors" : 225510752,
      "read_merges" : 0,
      "write_merges" : 1299,
      "read_ticks" : 0,
      "write_ticks" : 11992123,
      "in_queue" : 11992142,
      "util" : 79.901865
    }
  ]
}
