{
  "fio version" : "fio-3.41",
  "timestamp" : 1784707043,
  "timestamp_ms" : 1784707043624,
  "time" : "Wed Jul 22 16:57:23 2026",
  "jobs" : [
    {
      "jobname" : "rand_read",
      "groupid" : 0,
      "job_start" : 1784707013605,
      "error" : 0,
      "eta" : 0,
      "elapsed" : 31,
      "job options" : {
        "name" : "rand_read",
        "directory" : "/home/kitalab/benchmark/2026-07-22-16-54/storage",
        "rw" : "randread",
        "bs" : "4k",
        "size" : "1G",
        "numjobs" : "4",
        "iodepth" : "32",
        "runtime" : "30",
        "time_based" : "",
        "group_reporting" : ""
      },
      "read" : {
        "io_bytes" : 8199831552,
        "io_kbytes" : 8007648,
        "bw_bytes" : 273318607,
        "bw" : 266912,
        "iops" : 66728.175727,
        "runtime" : 30001,
        "total_ios" : 2001912,
        "short_ios" : 0,
        "drop_ios" : 0,
        "slat_ns" : {
          "min" : 0,
          "max" : 0,
          "mean" : 0.000000,
          "stddev" : 0.000000,
          "N" : 0
        },
        "clat_ns" : {
          "min" : 44963,
          "max" : 1880235,
          "mean" : 59502.471954,
          "stddev" : 9254.278629,
          "N" : 2001912,
          "percentile" : {
            "1.000000" : 54016,
            "5.000000" : 55040,
            "10.000000" : 55552,
            "20.000000" : 56064,
            "30.000000" : 56576,
            "40.000000" : 56576,
            "50.000000" : 57088,
            "60.000000" : 57088,
            "70.000000" : 57600,
            "80.000000" : 58624,
            "90.000000" : 65280,
            "95.000000" : 78336,
            "99.000000" : 92672,
            "99.500000" : 98816,
            "99.900000" : 127488,
            "99.950000" : 164864,
            "99.990000" : 232448
          }
        },
        "lat_ns" : {
          "min" : 44979,
          "max" : 1881167,
          "mean" : 59536.374040,
          "stddev" : 9256.445093,
          "N" : 2001912
        },
        "bw_min" : 232368,
        "bw_max" : 270415,
        "bw_agg" : 100.000000,
        "bw_mean" : 267073.694915,
        "bw_dev" : 1239.766149,
        "bw_samples" : 236,
        "iops_min" : 58092,
        "iops_max" : 67603,
        "iops_mean" : 66768.338983,
        "iops_stddev" : 309.931751,
        "iops_samples" : 236
      },
      "write" : {
        "io_bytes" : 0,
        "io_kbytes" : 0,
        "bw_bytes" : 0,
        "bw" : 0,
        "iops" : 0.000000,
        "runtime" : 0,
        "total_ios" : 0,
        "short_ios" : 0,
        "drop_ios" : 0,
        "slat_ns" : {
          "min" : 0,
          "max" : 0,
          "mean" : 0.000000,
          "stddev" : 0.000000,
          "N" : 0
        },
        "clat_ns" : {
          "min" : 0,
          "max" : 0,
          "mean" : 0.000000,
          "stddev" : 0.000000,
          "N" : 0
        },
        "lat_ns" : {
          "min" : 0,
          "max" : 0,
          "mean" : 0.000000,
          "stddev" : 0.000000,
          "N" : 0
        },
        "bw_min" : 0,
        "bw_max" : 0,
        "bw_agg" : 0.000000,
        "bw_mean" : 0.000000,
        "bw_dev" : 0.000000,
        "bw_samples" : 0,
        "iops_min" : 0,
        "iops_max" : 0,
        "iops_mean" : 0.000000,
        "iops_stddev" : 0.000000,
        "iops_samples" : 0
      },
      "trim" : {
        "io_bytes" : 0,
        "io_kbytes" : 0,
        "bw_bytes" : 0,
        "bw" : 0,
        "iops" : 0.000000,
        "runtime" : 0,
        "total_ios" : 0,
        "short_ios" : 0,
        "drop_ios" : 0,
        "slat_ns" : {
          "min" : 0,
          "max" : 0,
          "mean" : 0.000000,
          "stddev" : 0.000000,
          "N" : 0
        },
        "clat_ns" : {
          "min" : 0,
          "max" : 0,
          "mean" : 0.000000,
          "stddev" : 0.000000,
          "N" : 0
        },
        "lat_ns" : {
          "min" : 0,
          "max" : 0,
          "mean" : 0.000000,
          "stddev" : 0.000000,
          "N" : 0
        },
        "bw_min" : 0,
        "bw_max" : 0,
        "bw_agg" : 0.000000,
        "bw_mean" : 0.000000,
        "bw_dev" : 0.000000,
        "bw_samples" : 0,
        "iops_min" : 0,
        "iops_max" : 0,
        "iops_mean" : 0.000000,
        "iops_stddev" : 0.000000,
        "iops_samples" : 0
      },
      "sync" : {
        "total_ios" : 0,
        "lat_ns" : {
          "min" : 0,
          "max" : 0,
          "mean" : 0.000000,
          "stddev" : 0.000000,
          "N" : 0
        }
      },
      "job_runtime" : 120000,
      "usr_cpu" : 0.981667,
      "sys_cpu" : 6.855833,
      "ctx" : 2001960,
      "majf" : 0,
      "minf" : 40,
      "iodepth_level" : {
        "1" : 100.000000,
        "2" : 0.000000,
        "4" : 0.000000,
        "8" : 0.000000,
        "16" : 0.000000,
        "32" : 0.000000,
        ">=64" : 0.000000
      },
      "iodepth_submit" : {
        "0" : 0.000000,
        "4" : 100.000000,
        "8" : 0.000000,
        "16" : 0.000000,
        "32" : 0.000000,
        "64" : 0.000000,
        ">=64" : 0.000000
      },
      "iodepth_complete" : {
        "0" : 0.000000,
        "4" : 100.000000,
        "8" : 0.000000,
        "16" : 0.000000,
        "32" : 0.000000,
        "64" : 0.000000,
        ">=64" : 0.000000
      },
      "latency_ns" : {
        "2" : 0.000000,
        "4" : 0.000000,
        "10" : 0.000000,
        "20" : 0.000000,
        "50" : 0.000000,
        "100" : 0.000000,
        "250" : 0.000000,
        "500" : 0.000000,
        "750" : 0.000000,
        "1000" : 0.000000
      },
      "latency_us" : {
        "2" : 0.000000,
        "4" : 0.000000,
        "10" : 0.000000,
        "20" : 0.000000,
        "50" : 0.050052,
        "100" : 99.471605,
        "250" : 0.470450,
        "500" : 0.010000,
        "750" : 0.000000,
        "1000" : 0.010000
      },
      "latency_ms" : {
        "2" : 0.010000,
        "4" : 0.000000,
        "10" : 0.000000,
        "20" : 0.000000,
        "50" : 0.000000,
        "100" : 0.000000,
        "250" : 0.000000,
        "500" : 0.000000,
        "750" : 0.000000,
        "1000" : 0.000000,
        "2000" : 0.000000,
        ">=2000" : 0.000000
      },
      "latency_depth" : 32,
      "latency_target" : 0,
      "latency_percentile" : 100.000000,
      "latency_window" : 0
    }
  ],
  "disk_util" : [
    {
      "name" : "dm-0",
      "read_ios" : 1986307,
      "write_ios" : 4,
      "read_sectors" : 15890456,
      "write_sectors" : 40,
      "read_merges" : 0,
      "write_merges" : 0,
      "read_ticks" : 110234,
      "write_ticks" : 5151,
      "in_queue" : 115385,
      "util" : 99.711902,
      "aggr_read_ios" : 2001912,
      "aggr_write_ios" : 3,
      "aggr_read_sectors" : 16015296,
      "aggr_write_sectors" : 40,
      "aggr_read_merges" : 0,
      "aggr_write_merge" : 1,
      "aggr_read_ticks" : 111773,
      "aggr_write_ticks" : 5151,
      "aggr_in_queue" : 116925,
      "aggr_util" : 77.858638
    },
    {
      "name" : "nvme0n1",
      "read_ios" : 2001912,
      "write_ios" : 3,
      "read_sectors" : 16015296,
      "write_sectors" : 40,
      "read_merges" : 0,
      "write_merges" : 1,
      "read_ticks" : 111773,
      "write_ticks" : 5151,
      "in_queue" : 116925,
      "util" : 77.858638
    }
  ]
}
