{
  "fio version" : "fio-3.41",
  "timestamp" : 1784706949,
  "timestamp_ms" : 1784706949003,
  "time" : "Wed Jul 22 16:55:49 2026",
  "jobs" : [
    {
      "jobname" : "seq_write",
      "groupid" : 0,
      "job_start" : 1784706918608,
      "error" : 0,
      "eta" : 0,
      "elapsed" : 31,
      "job options" : {
        "name" : "seq_write",
        "directory" : "/home/kitalab/benchmark/2026-07-22-16-54/storage",
        "rw" : "write",
        "bs" : "1M",
        "size" : "1G",
        "numjobs" : "1",
        "runtime" : "30",
        "time_based" : "",
        "group_reporting" : ""
      },
      "read" : {
        "io_bytes" : 0,
        "io_kbytes" : 0,
        "bw_bytes" : 0,
        "bw" : 0,
        "iops" : 0.000000,
        "runtime" : 0,
        "total_ios" : 0,
        "short_ios" : 0,
        "drop_ios" : 0,
        "slat_ns" : {
          "min" : 0,
          "max" : 0,
          "mean" : 0.000000,
          "stddev" : 0.000000,
          "N" : 0
        },
        "clat_ns" : {
          "min" : 0,
          "max" : 0,
          "mean" : 0.000000,
          "stddev" : 0.000000,
          "N" : 0
        },
        "lat_ns" : {
          "min" : 0,
          "max" : 0,
          "mean" : 0.000000,
          "stddev" : 0.000000,
          "N" : 0
        },
        "bw_min" : 0,
        "bw_max" : 0,
        "bw_agg" : 0.000000,
        "bw_mean" : 0.000000,
        "bw_dev" : 0.000000,
        "bw_samples" : 0,
        "iops_min" : 0,
        "iops_max" : 0,
        "iops_mean" : 0.000000,
        "iops_stddev" : 0.000000,
        "iops_samples" : 0
      },
      "write" : {
        "io_bytes" : 77310459904,
        "io_kbytes" : 75498496,
        "bw_bytes" : 2558762822,
        "bw" : 2498791,
        "iops" : 2440.226385,
        "runtime" : 30214,
        "total_ios" : 73729,
        "short_ios" : 0,
        "drop_ios" : 0,
        "slat_ns" : {
          "min" : 0,
          "max" : 0,
          "mean" : 0.000000,
          "stddev" : 0.000000,
          "N" : 0
        },
        "clat_ns" : {
          "min" : 106527,
          "max" : 491557,
          "mean" : 115242.712515,
          "stddev" : 5886.565082,
          "N" : 73729,
          "percentile" : {
            "1.000000" : 110080,
            "5.000000" : 111104,
            "10.000000" : 111104,
            "20.000000" : 112128,
            "30.000000" : 113152,
            "40.000000" : 114176,
            "50.000000" : 114176,
            "60.000000" : 115200,
            "70.000000" : 116224,
            "80.000000" : 117248,
            "90.000000" : 118272,
            "95.000000" : 121344,
            "99.000000" : 136192,
            "99.500000" : 138240,
            "99.900000" : 168960,
            "99.950000" : 199680,
            "99.990000" : 261120
          }
        },
        "lat_ns" : {
          "min" : 109891,
          "max" : 510276,
          "mean" : 120225.183401,
          "stddev" : 6271.493061,
          "N" : 73729
        },
        "bw_min" : 2092966,
        "bw_max" : 3581952,
        "bw_agg" : 100.000000,
        "bw_mean" : 2516235.316667,
        "bw_dev" : 538969.785634,
        "bw_samples" : 60,
        "iops_min" : 2043,
        "iops_max" : 3498,
        "iops_mean" : 2457.233333,
        "iops_stddev" : 526.353892,
        "iops_samples" : 60
      },
      "trim" : {
        "io_bytes" : 0,
        "io_kbytes" : 0,
        "bw_bytes" : 0,
        "bw" : 0,
        "iops" : 0.000000,
        "runtime" : 0,
        "total_ios" : 0,
        "short_ios" : 0,
        "drop_ios" : 0,
        "slat_ns" : {
          "min" : 0,
          "max" : 0,
          "mean" : 0.000000,
          "stddev" : 0.000000,
          "N" : 0
        },
        "clat_ns" : {
          "min" : 0,
          "max" : 0,
          "mean" : 0.000000,
          "stddev" : 0.000000,
          "N" : 0
        },
        "lat_ns" : {
          "min" : 0,
          "max" : 0,
          "mean" : 0.000000,
          "stddev" : 0.000000,
          "N" : 0
        },
        "bw_min" : 0,
        "bw_max" : 0,
        "bw_agg" : 0.000000,
        "bw_mean" : 0.000000,
        "bw_dev" : 0.000000,
        "bw_samples" : 0,
        "iops_min" : 0,
        "iops_max" : 0,
        "iops_mean" : 0.000000,
        "iops_stddev" : 0.000000,
        "iops_samples" : 0
      },
      "sync" : {
        "total_ios" : 0,
        "lat_ns" : {
          "min" : 0,
          "max" : 0,
          "mean" : 0.000000,
          "stddev" : 0.000000,
          "N" : 0
        }
      },
      "job_runtime" : 30213,
      "usr_cpu" : 1.400060,
      "sys_cpu" : 36.391620,
      "ctx" : 2247,
      "majf" : 0,
      "minf" : 9,
      "iodepth_level" : {
        "1" : 100.000000,
        "2" : 0.000000,
        "4" : 0.000000,
        "8" : 0.000000,
        "16" : 0.000000,
        "32" : 0.000000,
        ">=64" : 0.000000
      },
      "iodepth_submit" : {
        "0" : 0.000000,
        "4" : 100.000000,
        "8" : 0.000000,
        "16" : 0.000000,
        "32" : 0.000000,
        "64" : 0.000000,
        ">=64" : 0.000000
      },
      "iodepth_complete" : {
        "0" : 0.000000,
        "4" : 100.000000,
        "8" : 0.000000,
        "16" : 0.000000,
        "32" : 0.000000,
        "64" : 0.000000,
        ">=64" : 0.000000
      },
      "latency_ns" : {
        "2" : 0.000000,
        "4" : 0.000000,
        "10" : 0.000000,
        "20" : 0.000000,
        "50" : 0.000000,
        "100" : 0.000000,
        "250" : 0.000000,
        "500" : 0.000000,
        "750" : 0.000000,
        "1000" : 0.000000
      },
      "latency_us" : {
        "2" : 0.000000,
        "4" : 0.000000,
        "10" : 0.000000,
        "20" : 0.000000,
        "50" : 0.000000,
        "100" : 0.000000,
        "250" : 99.983724,
        "500" : 0.016276,
        "750" : 0.000000,
        "1000" : 0.000000
      },
      "latency_ms" : {
        "2" : 0.000000,
        "4" : 0.000000,
        "10" : 0.000000,
        "20" : 0.000000,
        "50" : 0.000000,
        "100" : 0.000000,
        "250" : 0.000000,
        "500" : 0.000000,
        "750" : 0.000000,
        "1000" : 0.000000,
        "2000" : 0.000000,
        ">=2000" : 0.000000
      },
      "latency_depth" : 1,
      "latency_target" : 0,
      "latency_percentile" : 100.000000,
      "latency_window" : 0
    }
  ],
  "disk_util" : [
    {
      "name" : "dm-0",
      "read_ios" : 0,
      "write_ios" : 567,
      "read_sectors" : 0,
      "write_sectors" : 149029536,
      "read_merges" : 0,
      "write_merges" : 0,
      "read_ticks" : 0,
      "write_ticks" : 22216,
      "in_queue" : 22216,
      "util" : 67.685734,
      "aggr_read_ios" : 0,
      "aggr_write_ios" : 589859,
      "aggr_read_sectors" : 0,
      "aggr_write_sectors" : 150995616,
      "aggr_read_merges" : 0,
      "aggr_write_merge" : 51,
      "aggr_read_ticks" : 0,
      "aggr_write_ticks" : 4156975,
      "aggr_in_queue" : 4156998,
      "aggr_util" : 64.412659
    },
    {
      "name" : "nvme0n1",
      "read_ios" : 0,
      "write_ios" : 589859,
      "read_sectors" : 0,
      "write_sectors" : 150995616,
      "read_merges" : 0,
      "write_merges" : 51,
      "read_ticks" : 0,
      "write_ticks" : 4156975,
      "in_queue" : 4156998,
      "util" : 64.412659
    }
  ]
}
