{
  "fio version" : "fio-3.41",
  "timestamp" : 1784706979,
  "timestamp_ms" : 1784706979798,
  "time" : "Wed Jul 22 16:56:19 2026",
  "jobs" : [
    {
      "jobname" : "seq_read",
      "groupid" : 0,
      "job_start" : 1784706949774,
      "error" : 0,
      "eta" : 0,
      "elapsed" : 31,
      "job options" : {
        "name" : "seq_read",
        "directory" : "/home/kitalab/benchmark/2026-07-22-16-54/storage",
        "rw" : "read",
        "bs" : "1M",
        "size" : "1G",
        "numjobs" : "1",
        "runtime" : "30",
        "time_based" : "",
        "group_reporting" : ""
      },
      "read" : {
        "io_bytes" : 97308901376,
        "io_kbytes" : 95028224,
        "bw_bytes" : 3243521928,
        "bw" : 3167501,
        "iops" : 3093.263558,
        "runtime" : 30001,
        "total_ios" : 92801,
        "short_ios" : 0,
        "drop_ios" : 0,
        "slat_ns" : {
          "min" : 0,
          "max" : 0,
          "mean" : 0.000000,
          "stddev" : 0.000000,
          "N" : 0
        },
        "clat_ns" : {
          "min" : 293098,
          "max" : 3562942,
          "mean" : 321031.480135,
          "stddev" : 16242.290297,
          "N" : 92801,
          "percentile" : {
            "1.000000" : 301056,
            "5.000000" : 305152,
            "10.000000" : 317440,
            "20.000000" : 317440,
            "30.000000" : 321536,
            "40.000000" : 321536,
            "50.000000" : 321536,
            "60.000000" : 321536,
            "70.000000" : 321536,
            "80.000000" : 321536,
            "90.000000" : 325632,
            "95.000000" : 329728,
            "99.000000" : 337920,
            "99.500000" : 354304,
            "99.900000" : 577536,
            "99.950000" : 585728,
            "99.990000" : 593920
          }
        },
        "lat_ns" : {
          "min" : 293129,
          "max" : 3563971,
          "mean" : 321058.665402,
          "stddev" : 16246.967708,
          "N" : 92801
        },
        "bw_min" : 3127185,
        "bw_max" : 3182592,
        "bw_agg" : 100.000000,
        "bw_mean" : 3169816.152542,
        "bw_dev" : 9419.462331,
        "bw_samples" : 59,
        "iops_min" : 3053,
        "iops_max" : 3108,
        "iops_mean" : 3095.508475,
        "iops_stddev" : 9.268733,
        "iops_samples" : 59
      },
      "write" : {
        "io_bytes" : 0,
        "io_kbytes" : 0,
        "bw_bytes" : 0,
        "bw" : 0,
        "iops" : 0.000000,
        "runtime" : 0,
        "total_ios" : 0,
        "short_ios" : 0,
        "drop_ios" : 0,
        "slat_ns" : {
          "min" : 0,
          "max" : 0,
          "mean" : 0.000000,
          "stddev" : 0.000000,
          "N" : 0
        },
        "clat_ns" : {
          "min" : 0,
          "max" : 0,
          "mean" : 0.000000,
          "stddev" : 0.000000,
          "N" : 0
        },
        "lat_ns" : {
          "min" : 0,
          "max" : 0,
          "mean" : 0.000000,
          "stddev" : 0.000000,
          "N" : 0
        },
        "bw_min" : 0,
        "bw_max" : 0,
        "bw_agg" : 0.000000,
        "bw_mean" : 0.000000,
        "bw_dev" : 0.000000,
        "bw_samples" : 0,
        "iops_min" : 0,
        "iops_max" : 0,
        "iops_mean" : 0.000000,
        "iops_stddev" : 0.000000,
        "iops_samples" : 0
      },
      "trim" : {
        "io_bytes" : 0,
        "io_kbytes" : 0,
        "bw_bytes" : 0,
        "bw" : 0,
        "iops" : 0.000000,
        "runtime" : 0,
        "total_ios" : 0,
        "short_ios" : 0,
        "drop_ios" : 0,
        "slat_ns" : {
          "min" : 0,
          "max" : 0,
          "mean" : 0.000000,
          "stddev" : 0.000000,
          "N" : 0
        },
        "clat_ns" : {
          "min" : 0,
          "max" : 0,
          "mean" : 0.000000,
          "stddev" : 0.000000,
          "N" : 0
        },
        "lat_ns" : {
          "min" : 0,
          "max" : 0,
          "mean" : 0.000000,
          "stddev" : 0.000000,
          "N" : 0
        },
        "bw_min" : 0,
        "bw_max" : 0,
        "bw_agg" : 0.000000,
        "bw_mean" : 0.000000,
        "bw_dev" : 0.000000,
        "bw_samples" : 0,
        "iops_min" : 0,
        "iops_max" : 0,
        "iops_mean" : 0.000000,
        "iops_stddev" : 0.000000,
        "iops_samples" : 0
      },
      "sync" : {
        "total_ios" : 0,
        "lat_ns" : {
          "min" : 0,
          "max" : 0,
          "mean" : 0.000000,
          "stddev" : 0.000000,
          "N" : 0
        }
      },
      "job_runtime" : 30000,
      "usr_cpu" : 0.110000,
      "sys_cpu" : 40.510000,
      "ctx" : 370744,
      "majf" : 0,
      "minf" : 266,
      "iodepth_level" : {
        "1" : 100.000000,
        "2" : 0.000000,
        "4" : 0.000000,
        "8" : 0.000000,
        "16" : 0.000000,
        "32" : 0.000000,
        ">=64" : 0.000000
      },
      "iodepth_submit" : {
        "0" : 0.000000,
        "4" : 100.000000,
        "8" : 0.000000,
        "16" : 0.000000,
        "32" : 0.000000,
        "64" : 0.000000,
        ">=64" : 0.000000
      },
      "iodepth_complete" : {
        "0" : 0.000000,
        "4" : 100.000000,
        "8" : 0.000000,
        "16" : 0.000000,
        "32" : 0.000000,
        "64" : 0.000000,
        ">=64" : 0.000000
      },
      "latency_ns" : {
        "2" : 0.000000,
        "4" : 0.000000,
        "10" : 0.000000,
        "20" : 0.000000,
        "50" : 0.000000,
        "100" : 0.000000,
        "250" : 0.000000,
        "500" : 0.000000,
        "750" : 0.000000,
        "1000" : 0.000000
      },
      "latency_us" : {
        "2" : 0.000000,
        "4" : 0.000000,
        "10" : 0.000000,
        "20" : 0.000000,
        "50" : 0.000000,
        "100" : 0.000000,
        "250" : 0.000000,
        "500" : 99.880389,
        "750" : 0.117456,
        "1000" : 0.000000
      },
      "latency_ms" : {
        "2" : 0.010000,
        "4" : 0.010000,
        "10" : 0.000000,
        "20" : 0.000000,
        "50" : 0.000000,
        "100" : 0.000000,
        "250" : 0.000000,
        "500" : 0.000000,
        "750" : 0.000000,
        "1000" : 0.000000,
        "2000" : 0.000000,
        ">=2000" : 0.000000
      },
      "latency_depth" : 1,
      "latency_target" : 0,
      "latency_percentile" : 100.000000,
      "latency_window" : 0
    }
  ],
  "disk_util" : [
    {
      "name" : "dm-0",
      "read_ios" : 369911,
      "write_ios" : 9,
      "read_sectors" : 189394432,
      "write_sectors" : 2112,
      "read_merges" : 0,
      "write_merges" : 0,
      "read_ticks" : 51114,
      "write_ticks" : 634,
      "in_queue" : 51748,
      "util" : 99.079233,
      "aggr_read_ios" : 742410,
      "aggr_write_ios" : 11,
      "aggr_read_sectors" : 190056960,
      "aggr_write_sectors" : 2112,
      "aggr_read_merges" : 0,
      "aggr_write_merge" : 5,
      "aggr_read_ticks" : 95397,
      "aggr_write_ticks" : 635,
      "aggr_in_queue" : 96034,
      "aggr_util" : 71.507860
    },
    {
      "name" : "nvme0n1",
      "read_ios" : 742410,
      "write_ios" : 11,
      "read_sectors" : 190056960,
      "write_sectors" : 2112,
      "read_merges" : 0,
      "write_merges" : 5,
      "read_ticks" : 95397,
      "write_ticks" : 635,
      "in_queue" : 96034,
      "util" : 71.507860
    }
  ]
}
