{
  "fio version" : "fio-3.41",
  "timestamp" : 1783665779,
  "timestamp_ms" : 1783665779541,
  "time" : "Fri Jul 10 15:42:59 2026",
  "jobs" : [
    {
      "jobname" : "rand_read",
      "groupid" : 0,
      "job_start" : 1783665749504,
      "error" : 0,
      "eta" : 0,
      "elapsed" : 31,
      "job options" : {
        "name" : "rand_read",
        "directory" : "/home/kitalab/benchmark/2026-07-10-15-39/storage",
        "rw" : "randread",
        "bs" : "4k",
        "size" : "1G",
        "numjobs" : "4",
        "iodepth" : "32",
        "runtime" : "30",
        "time_based" : "",
        "group_reporting" : ""
      },
      "read" : {
        "io_bytes" : 8229117952,
        "io_kbytes" : 8036248,
        "bw_bytes" : 274294788,
        "bw" : 267866,
        "iops" : 66966.501117,
        "runtime" : 30001,
        "total_ios" : 2009062,
        "short_ios" : 0,
        "drop_ios" : 0,
        "slat_ns" : {
          "min" : 0,
          "max" : 0,
          "mean" : 0.000000,
          "stddev" : 0.000000,
          "N" : 0
        },
        "clat_ns" : {
          "min" : 45944,
          "max" : 1825527,
          "mean" : 59235.421312,
          "stddev" : 9156.213226,
          "N" : 2009062,
          "percentile" : {
            "1.000000" : 54016,
            "5.000000" : 54528,
            "10.000000" : 55040,
            "20.000000" : 56064,
            "30.000000" : 56064,
            "40.000000" : 56576,
            "50.000000" : 56576,
            "60.000000" : 57088,
            "70.000000" : 57600,
            "80.000000" : 58112,
            "90.000000" : 64768,
            "95.000000" : 78336,
            "99.000000" : 92672,
            "99.500000" : 96768,
            "99.900000" : 122368,
            "99.950000" : 156672,
            "99.990000" : 214016
          }
        },
        "lat_ns" : {
          "min" : 45965,
          "max" : 1826465,
          "mean" : 59267.303502,
          "stddev" : 9157.944470,
          "N" : 2009062
        },
        "bw_min" : 214480,
        "bw_max" : 271280,
        "bw_agg" : 100.000000,
        "bw_mean" : 268173.288136,
        "bw_dev" : 1791.622149,
        "bw_samples" : 236,
        "iops_min" : 53620,
        "iops_max" : 67820,
        "iops_mean" : 67043.322034,
        "iops_stddev" : 447.905043,
        "iops_samples" : 236
      },
      "write" : {
        "io_bytes" : 0,
        "io_kbytes" : 0,
        "bw_bytes" : 0,
        "bw" : 0,
        "iops" : 0.000000,
        "runtime" : 0,
        "total_ios" : 0,
        "short_ios" : 0,
        "drop_ios" : 0,
        "slat_ns" : {
          "min" : 0,
          "max" : 0,
          "mean" : 0.000000,
          "stddev" : 0.000000,
          "N" : 0
        },
        "clat_ns" : {
          "min" : 0,
          "max" : 0,
          "mean" : 0.000000,
          "stddev" : 0.000000,
          "N" : 0
        },
        "lat_ns" : {
          "min" : 0,
          "max" : 0,
          "mean" : 0.000000,
          "stddev" : 0.000000,
          "N" : 0
        },
        "bw_min" : 0,
        "bw_max" : 0,
        "bw_agg" : 0.000000,
        "bw_mean" : 0.000000,
        "bw_dev" : 0.000000,
        "bw_samples" : 0,
        "iops_min" : 0,
        "iops_max" : 0,
        "iops_mean" : 0.000000,
        "iops_stddev" : 0.000000,
        "iops_samples" : 0
      },
      "trim" : {
        "io_bytes" : 0,
        "io_kbytes" : 0,
        "bw_bytes" : 0,
        "bw" : 0,
        "iops" : 0.000000,
        "runtime" : 0,
        "total_ios" : 0,
        "short_ios" : 0,
        "drop_ios" : 0,
        "slat_ns" : {
          "min" : 0,
          "max" : 0,
          "mean" : 0.000000,
          "stddev" : 0.000000,
          "N" : 0
        },
        "clat_ns" : {
          "min" : 0,
          "max" : 0,
          "mean" : 0.000000,
          "stddev" : 0.000000,
          "N" : 0
        },
        "lat_ns" : {
          "min" : 0,
          "max" : 0,
          "mean" : 0.000000,
          "stddev" : 0.000000,
          "N" : 0
        },
        "bw_min" : 0,
        "bw_max" : 0,
        "bw_agg" : 0.000000,
        "bw_mean" : 0.000000,
        "bw_dev" : 0.000000,
        "bw_samples" : 0,
        "iops_min" : 0,
        "iops_max" : 0,
        "iops_mean" : 0.000000,
        "iops_stddev" : 0.000000,
        "iops_samples" : 0
      },
      "sync" : {
        "total_ios" : 0,
        "lat_ns" : {
          "min" : 0,
          "max" : 0,
          "mean" : 0.000000,
          "stddev" : 0.000000,
          "N" : 0
        }
      },
      "job_runtime" : 120000,
      "usr_cpu" : 0.936667,
      "sys_cpu" : 6.798333,
      "ctx" : 2009101,
      "majf" : 0,
      "minf" : 39,
      "iodepth_level" : {
        "1" : 100.000000,
        "2" : 0.000000,
        "4" : 0.000000,
        "8" : 0.000000,
        "16" : 0.000000,
        "32" : 0.000000,
        ">=64" : 0.000000
      },
      "iodepth_submit" : {
        "0" : 0.000000,
        "4" : 100.000000,
        "8" : 0.000000,
        "16" : 0.000000,
        "32" : 0.000000,
        "64" : 0.000000,
        ">=64" : 0.000000
      },
      "iodepth_complete" : {
        "0" : 0.000000,
        "4" : 100.000000,
        "8" : 0.000000,
        "16" : 0.000000,
        "32" : 0.000000,
        "64" : 0.000000,
        ">=64" : 0.000000
      },
      "latency_ns" : {
        "2" : 0.000000,
        "4" : 0.000000,
        "10" : 0.000000,
        "20" : 0.000000,
        "50" : 0.000000,
        "100" : 0.000000,
        "250" : 0.000000,
        "500" : 0.000000,
        "750" : 0.000000,
        "1000" : 0.000000
      },
      "latency_us" : {
        "2" : 0.000000,
        "4" : 0.000000,
        "10" : 0.000000,
        "20" : 0.000000,
        "50" : 0.010000,
        "100" : 99.545360,
        "250" : 0.443690,
        "500" : 0.010000,
        "750" : 0.000000,
        "1000" : 0.010000
      },
      "latency_ms" : {
        "2" : 0.010000,
        "4" : 0.000000,
        "10" : 0.000000,
        "20" : 0.000000,
        "50" : 0.000000,
        "100" : 0.000000,
        "250" : 0.000000,
        "500" : 0.000000,
        "750" : 0.000000,
        "1000" : 0.000000,
        "2000" : 0.000000,
        ">=2000" : 0.000000
      },
      "latency_depth" : 32,
      "latency_target" : 0,
      "latency_percentile" : 100.000000,
      "latency_window" : 0
    }
  ],
  "disk_util" : [
    {
      "name" : "dm-0",
      "read_ios" : 1997515,
      "write_ios" : 51,
      "read_sectors" : 15980120,
      "write_sectors" : 416,
      "read_merges" : 0,
      "write_merges" : 0,
      "read_ticks" : 110469,
      "write_ticks" : 5149,
      "in_queue" : 115618,
      "util" : 99.448105,
      "aggr_read_ios" : 2009062,
      "aggr_write_ios" : 16,
      "aggr_read_sectors" : 16072496,
      "aggr_write_sectors" : 416,
      "aggr_read_merges" : 0,
      "aggr_write_merge" : 35,
      "aggr_read_ticks" : 111944,
      "aggr_write_ticks" : 5153,
      "aggr_in_queue" : 117098,
      "aggr_util" : 77.734570
    },
    {
      "name" : "nvme0n1",
      "read_ios" : 2009062,
      "write_ios" : 16,
      "read_sectors" : 16072496,
      "write_sectors" : 416,
      "read_merges" : 0,
      "write_merges" : 35,
      "read_ticks" : 111944,
      "write_ticks" : 5153,
      "in_queue" : 117098,
      "util" : 77.734570
    }
  ]
}
