{
  "fio version" : "fio-3.41",
  "timestamp" : 1783665715,
  "timestamp_ms" : 1783665715762,
  "time" : "Fri Jul 10 15:41:55 2026",
  "jobs" : [
    {
      "jobname" : "seq_read",
      "groupid" : 0,
      "job_start" : 1783665685736,
      "error" : 0,
      "eta" : 0,
      "elapsed" : 31,
      "job options" : {
        "name" : "seq_read",
        "directory" : "/home/kitalab/benchmark/2026-07-10-15-39/storage",
        "rw" : "read",
        "bs" : "1M",
        "size" : "1G",
        "numjobs" : "1",
        "runtime" : "30",
        "time_based" : "",
        "group_reporting" : ""
      },
      "read" : {
        "io_bytes" : 97435779072,
        "io_kbytes" : 95152128,
        "bw_bytes" : 3247751044,
        "bw" : 3171631,
        "iops" : 3097.296757,
        "runtime" : 30001,
        "total_ios" : 92922,
        "short_ios" : 0,
        "drop_ios" : 0,
        "slat_ns" : {
          "min" : 0,
          "max" : 0,
          "mean" : 0.000000,
          "stddev" : 0.000000,
          "N" : 0
        },
        "clat_ns" : {
          "min" : 291211,
          "max" : 3706430,
          "mean" : 319967.718086,
          "stddev" : 16076.724160,
          "N" : 92922,
          "percentile" : {
            "1.000000" : 296960,
            "5.000000" : 305152,
            "10.000000" : 313344,
            "20.000000" : 317440,
            "30.000000" : 317440,
            "40.000000" : 317440,
            "50.000000" : 321536,
            "60.000000" : 321536,
            "70.000000" : 321536,
            "80.000000" : 321536,
            "90.000000" : 325632,
            "95.000000" : 329728,
            "99.000000" : 337920,
            "99.500000" : 342016,
            "99.900000" : 585728,
            "99.950000" : 585728,
            "99.990000" : 593920
          }
        },
        "lat_ns" : {
          "min" : 291242,
          "max" : 3707381,
          "mean" : 319997.758120,
          "stddev" : 16080.491864,
          "N" : 92922
        },
        "bw_min" : 3153920,
        "bw_max" : 3188736,
        "bw_agg" : 100.000000,
        "bw_mean" : 3174191.728814,
        "bw_dev" : 9907.595132,
        "bw_samples" : 59,
        "iops_min" : 3080,
        "iops_max" : 3114,
        "iops_mean" : 3099.796610,
        "iops_stddev" : 9.675386,
        "iops_samples" : 59
      },
      "write" : {
        "io_bytes" : 0,
        "io_kbytes" : 0,
        "bw_bytes" : 0,
        "bw" : 0,
        "iops" : 0.000000,
        "runtime" : 0,
        "total_ios" : 0,
        "short_ios" : 0,
        "drop_ios" : 0,
        "slat_ns" : {
          "min" : 0,
          "max" : 0,
          "mean" : 0.000000,
          "stddev" : 0.000000,
          "N" : 0
        },
        "clat_ns" : {
          "min" : 0,
          "max" : 0,
          "mean" : 0.000000,
          "stddev" : 0.000000,
          "N" : 0
        },
        "lat_ns" : {
          "min" : 0,
          "max" : 0,
          "mean" : 0.000000,
          "stddev" : 0.000000,
          "N" : 0
        },
        "bw_min" : 0,
        "bw_max" : 0,
        "bw_agg" : 0.000000,
        "bw_mean" : 0.000000,
        "bw_dev" : 0.000000,
        "bw_samples" : 0,
        "iops_min" : 0,
        "iops_max" : 0,
        "iops_mean" : 0.000000,
        "iops_stddev" : 0.000000,
        "iops_samples" : 0
      },
      "trim" : {
        "io_bytes" : 0,
        "io_kbytes" : 0,
        "bw_bytes" : 0,
        "bw" : 0,
        "iops" : 0.000000,
        "runtime" : 0,
        "total_ios" : 0,
        "short_ios" : 0,
        "drop_ios" : 0,
        "slat_ns" : {
          "min" : 0,
          "max" : 0,
          "mean" : 0.000000,
          "stddev" : 0.000000,
          "N" : 0
        },
        "clat_ns" : {
          "min" : 0,
          "max" : 0,
          "mean" : 0.000000,
          "stddev" : 0.000000,
          "N" : 0
        },
        "lat_ns" : {
          "min" : 0,
          "max" : 0,
          "mean" : 0.000000,
          "stddev" : 0.000000,
          "N" : 0
        },
        "bw_min" : 0,
        "bw_max" : 0,
        "bw_agg" : 0.000000,
        "bw_mean" : 0.000000,
        "bw_dev" : 0.000000,
        "bw_samples" : 0,
        "iops_min" : 0,
        "iops_max" : 0,
        "iops_mean" : 0.000000,
        "iops_stddev" : 0.000000,
        "iops_samples" : 0
      },
      "sync" : {
        "total_ios" : 0,
        "lat_ns" : {
          "min" : 0,
          "max" : 0,
          "mean" : 0.000000,
          "stddev" : 0.000000,
          "N" : 0
        }
      },
      "job_runtime" : 30000,
      "usr_cpu" : 0.110000,
      "sys_cpu" : 41.010000,
      "ctx" : 371430,
      "majf" : 0,
      "minf" : 265,
      "iodepth_level" : {
        "1" : 100.000000,
        "2" : 0.000000,
        "4" : 0.000000,
        "8" : 0.000000,
        "16" : 0.000000,
        "32" : 0.000000,
        ">=64" : 0.000000
      },
      "iodepth_submit" : {
        "0" : 0.000000,
        "4" : 100.000000,
        "8" : 0.000000,
        "16" : 0.000000,
        "32" : 0.000000,
        "64" : 0.000000,
        ">=64" : 0.000000
      },
      "iodepth_complete" : {
        "0" : 0.000000,
        "4" : 100.000000,
        "8" : 0.000000,
        "16" : 0.000000,
        "32" : 0.000000,
        "64" : 0.000000,
        ">=64" : 0.000000
      },
      "latency_ns" : {
        "2" : 0.000000,
        "4" : 0.000000,
        "10" : 0.000000,
        "20" : 0.000000,
        "50" : 0.000000,
        "100" : 0.000000,
        "250" : 0.000000,
        "500" : 0.000000,
        "750" : 0.000000,
        "1000" : 0.000000
      },
      "latency_us" : {
        "2" : 0.000000,
        "4" : 0.000000,
        "10" : 0.000000,
        "20" : 0.000000,
        "50" : 0.000000,
        "100" : 0.000000,
        "250" : 0.000000,
        "500" : 99.890231,
        "750" : 0.107617,
        "1000" : 0.000000
      },
      "latency_ms" : {
        "2" : 0.010000,
        "4" : 0.010000,
        "10" : 0.000000,
        "20" : 0.000000,
        "50" : 0.000000,
        "100" : 0.000000,
        "250" : 0.000000,
        "500" : 0.000000,
        "750" : 0.000000,
        "1000" : 0.000000,
        "2000" : 0.000000,
        ">=2000" : 0.000000
      },
      "latency_depth" : 1,
      "latency_target" : 0,
      "latency_percentile" : 100.000000,
      "latency_window" : 0
    }
  ],
  "disk_util" : [
    {
      "name" : "dm-0",
      "read_ios" : 370311,
      "write_ios" : 24,
      "read_sectors" : 189599232,
      "write_sectors" : 192,
      "read_merges" : 0,
      "write_merges" : 0,
      "read_ticks" : 51081,
      "write_ticks" : 547,
      "in_queue" : 51628,
      "util" : 98.895415,
      "aggr_read_ios" : 743378,
      "aggr_write_ios" : 15,
      "aggr_read_sectors" : 190304768,
      "aggr_write_sectors" : 208,
      "aggr_read_merges" : 0,
      "aggr_write_merge" : 10,
      "aggr_read_ticks" : 95268,
      "aggr_write_ticks" : 549,
      "aggr_in_queue" : 95818,
      "aggr_util" : 71.658856
    },
    {
      "name" : "nvme0n1",
      "read_ios" : 743378,
      "write_ios" : 15,
      "read_sectors" : 190304768,
      "write_sectors" : 208,
      "read_merges" : 0,
      "write_merges" : 10,
      "read_ticks" : 95268,
      "write_ticks" : 549,
      "in_queue" : 95818,
      "util" : 71.658856
    }
  ]
}
