{
  "fio version" : "fio-3.41",
  "timestamp" : 1783665746,
  "timestamp_ms" : 1783665746671,
  "time" : "Fri Jul 10 15:42:26 2026",
  "jobs" : [
    {
      "jobname" : "rand_write",
      "groupid" : 0,
      "job_start" : 1783665716025,
      "error" : 0,
      "eta" : 0,
      "elapsed" : 31,
      "job options" : {
        "name" : "rand_write",
        "directory" : "/home/kitalab/benchmark/2026-07-10-15-39/storage",
        "rw" : "randwrite",
        "bs" : "4k",
        "size" : "1G",
        "numjobs" : "4",
        "iodepth" : "32",
        "runtime" : "30",
        "time_based" : "",
        "group_reporting" : ""
      },
      "read" : {
        "io_bytes" : 0,
        "io_kbytes" : 0,
        "bw_bytes" : 0,
        "bw" : 0,
        "iops" : 0.000000,
        "runtime" : 0,
        "total_ios" : 0,
        "short_ios" : 0,
        "drop_ios" : 0,
        "slat_ns" : {
          "min" : 0,
          "max" : 0,
          "mean" : 0.000000,
          "stddev" : 0.000000,
          "N" : 0
        },
        "clat_ns" : {
          "min" : 0,
          "max" : 0,
          "mean" : 0.000000,
          "stddev" : 0.000000,
          "N" : 0
        },
        "lat_ns" : {
          "min" : 0,
          "max" : 0,
          "mean" : 0.000000,
          "stddev" : 0.000000,
          "N" : 0
        },
        "bw_min" : 0,
        "bw_max" : 0,
        "bw_agg" : 0.000000,
        "bw_mean" : 0.000000,
        "bw_dev" : 0.000000,
        "bw_samples" : 0,
        "iops_min" : 0,
        "iops_max" : 0,
        "iops_mean" : 0.000000,
        "iops_stddev" : 0.000000,
        "iops_samples" : 0
      },
      "write" : {
        "io_bytes" : 112759877632,
        "io_kbytes" : 110117068,
        "bw_bytes" : 3682796970,
        "bw" : 3596481,
        "iops" : 899120.354040,
        "runtime" : 30618,
        "total_ios" : 27529267,
        "short_ios" : 0,
        "drop_ios" : 0,
        "slat_ns" : {
          "min" : 0,
          "max" : 0,
          "mean" : 0.000000,
          "stddev" : 0.000000,
          "N" : 0
        },
        "clat_ns" : {
          "min" : 615,
          "max" : 162469232,
          "mean" : 1357.503713,
          "stddev" : 115400.536319,
          "N" : 27529267,
          "percentile" : {
            "1.000000" : 748,
            "5.000000" : 812,
            "10.000000" : 852,
            "20.000000" : 908,
            "30.000000" : 948,
            "40.000000" : 988,
            "50.000000" : 1032,
            "60.000000" : 1080,
            "70.000000" : 1128,
            "80.000000" : 1208,
            "90.000000" : 1352,
            "95.000000" : 1768,
            "99.000000" : 5216,
            "99.500000" : 6304,
            "99.900000" : 8256,
            "99.950000" : 24192,
            "99.990000" : 162816
          }
        },
        "lat_ns" : {
          "min" : 629,
          "max" : 162469248,
          "mean" : 1373.475198,
          "stddev" : 115400.539704,
          "N" : 27529267
        },
        "bw_min" : 60216,
        "bw_max" : 8388608,
        "bw_agg" : 100.000000,
        "bw_mean" : 4768180.330511,
        "bw_dev" : 684884.018215,
        "bw_samples" : 185,
        "iops_min" : 15056,
        "iops_max" : 2097152,
        "iops_mean" : 1192045.091185,
        "iops_stddev" : 171221.015306,
        "iops_samples" : 185
      },
      "trim" : {
        "io_bytes" : 0,
        "io_kbytes" : 0,
        "bw_bytes" : 0,
        "bw" : 0,
        "iops" : 0.000000,
        "runtime" : 0,
        "total_ios" : 0,
        "short_ios" : 0,
        "drop_ios" : 0,
        "slat_ns" : {
          "min" : 0,
          "max" : 0,
          "mean" : 0.000000,
          "stddev" : 0.000000,
          "N" : 0
        },
        "clat_ns" : {
          "min" : 0,
          "max" : 0,
          "mean" : 0.000000,
          "stddev" : 0.000000,
          "N" : 0
        },
        "lat_ns" : {
          "min" : 0,
          "max" : 0,
          "mean" : 0.000000,
          "stddev" : 0.000000,
          "N" : 0
        },
        "bw_min" : 0,
        "bw_max" : 0,
        "bw_agg" : 0.000000,
        "bw_mean" : 0.000000,
        "bw_dev" : 0.000000,
        "bw_samples" : 0,
        "iops_min" : 0,
        "iops_max" : 0,
        "iops_mean" : 0.000000,
        "iops_stddev" : 0.000000,
        "iops_samples" : 0
      },
      "sync" : {
        "total_ios" : 0,
        "lat_ns" : {
          "min" : 0,
          "max" : 0,
          "mean" : 0.000000,
          "stddev" : 0.000000,
          "N" : 0
        }
      },
      "job_runtime" : 121444,
      "usr_cpu" : 3.530022,
      "sys_cpu" : 48.726162,
      "ctx" : 449459,
      "majf" : 0,
      "minf" : 42,
      "iodepth_level" : {
        "1" : 100.000000,
        "2" : 0.000000,
        "4" : 0.000000,
        "8" : 0.000000,
        "16" : 0.000000,
        "32" : 0.000000,
        ">=64" : 0.000000
      },
      "iodepth_submit" : {
        "0" : 0.000000,
        "4" : 100.000000,
        "8" : 0.000000,
        "16" : 0.000000,
        "32" : 0.000000,
        "64" : 0.000000,
        ">=64" : 0.000000
      },
      "iodepth_complete" : {
        "0" : 0.000000,
        "4" : 100.000000,
        "8" : 0.000000,
        "16" : 0.000000,
        "32" : 0.000000,
        "64" : 0.000000,
        ">=64" : 0.000000
      },
      "latency_ns" : {
        "2" : 0.000000,
        "4" : 0.000000,
        "10" : 0.000000,
        "20" : 0.000000,
        "50" : 0.000000,
        "100" : 0.000000,
        "250" : 0.000000,
        "500" : 0.000000,
        "750" : 1.079666,
        "1000" : 41.035822
      },
      "latency_us" : {
        "2" : 53.229016,
        "4" : 3.356406,
        "10" : 1.240120,
        "20" : 0.010000,
        "50" : 0.010000,
        "100" : 0.021435,
        "250" : 0.020789,
        "500" : 0.010000,
        "750" : 0.000000,
        "1000" : 0.000000
      },
      "latency_ms" : {
        "2" : 0.000000,
        "4" : 0.010000,
        "10" : 0.010000,
        "20" : 0.010000,
        "50" : 0.000000,
        "100" : 0.010000,
        "250" : 0.010000,
        "500" : 0.000000,
        "750" : 0.000000,
        "1000" : 0.000000,
        "2000" : 0.000000,
        ">=2000" : 0.000000
      },
      "latency_depth" : 32,
      "latency_target" : 0,
      "latency_percentile" : 100.000000,
      "latency_window" : 0
    }
  ],
  "disk_util" : [
    {
      "name" : "dm-0",
      "read_ios" : 0,
      "write_ios" : 1487234,
      "read_sectors" : 0,
      "write_sectors" : 219462096,
      "read_merges" : 0,
      "write_merges" : 0,
      "read_ticks" : 0,
      "write_ticks" : 2496769,
      "in_queue" : 2496769,
      "util" : 96.047405,
      "aggr_read_ios" : 0,
      "aggr_write_ios" : 2091946,
      "aggr_read_sectors" : 0,
      "aggr_write_sectors" : 220241600,
      "aggr_read_merges" : 0,
      "aggr_write_merge" : 884,
      "aggr_read_ticks" : 0,
      "aggr_write_ticks" : 19278762,
      "aggr_in_queue" : 19278777,
      "aggr_util" : 78.237498
    },
    {
      "name" : "nvme0n1",
      "read_ios" : 0,
      "write_ios" : 2091946,
      "read_sectors" : 0,
      "write_sectors" : 220241600,
      "read_merges" : 0,
      "write_merges" : 884,
      "read_ticks" : 0,
      "write_ticks" : 19278762,
      "in_queue" : 19278777,
      "util" : 78.237498
    }
  ]
}
