{
  "fio version" : "fio-3.41",
  "timestamp" : 1783665684,
  "timestamp_ms" : 1783665684960,
  "time" : "Fri Jul 10 15:41:24 2026",
  "jobs" : [
    {
      "jobname" : "seq_write",
      "groupid" : 0,
      "job_start" : 1783665654564,
      "error" : 0,
      "eta" : 0,
      "elapsed" : 31,
      "job options" : {
        "name" : "seq_write",
        "directory" : "/home/kitalab/benchmark/2026-07-10-15-39/storage",
        "rw" : "write",
        "bs" : "1M",
        "size" : "1G",
        "numjobs" : "1",
        "runtime" : "30",
        "time_based" : "",
        "group_reporting" : ""
      },
      "read" : {
        "io_bytes" : 0,
        "io_kbytes" : 0,
        "bw_bytes" : 0,
        "bw" : 0,
        "iops" : 0.000000,
        "runtime" : 0,
        "total_ios" : 0,
        "short_ios" : 0,
        "drop_ios" : 0,
        "slat_ns" : {
          "min" : 0,
          "max" : 0,
          "mean" : 0.000000,
          "stddev" : 0.000000,
          "N" : 0
        },
        "clat_ns" : {
          "min" : 0,
          "max" : 0,
          "mean" : 0.000000,
          "stddev" : 0.000000,
          "N" : 0
        },
        "lat_ns" : {
          "min" : 0,
          "max" : 0,
          "mean" : 0.000000,
          "stddev" : 0.000000,
          "N" : 0
        },
        "bw_min" : 0,
        "bw_max" : 0,
        "bw_agg" : 0.000000,
        "bw_mean" : 0.000000,
        "bw_dev" : 0.000000,
        "bw_samples" : 0,
        "iops_min" : 0,
        "iops_max" : 0,
        "iops_mean" : 0.000000,
        "iops_stddev" : 0.000000,
        "iops_samples" : 0
      },
      "write" : {
        "io_bytes" : 75162976256,
        "io_kbytes" : 73401344,
        "bw_bytes" : 2485219423,
        "bw" : 2426972,
        "iops" : 2370.089935,
        "runtime" : 30244,
        "total_ios" : 71681,
        "short_ios" : 0,
        "drop_ios" : 0,
        "slat_ns" : {
          "min" : 0,
          "max" : 0,
          "mean" : 0.000000,
          "stddev" : 0.000000,
          "N" : 0
        },
        "clat_ns" : {
          "min" : 106183,
          "max" : 560769,
          "mean" : 119289.569984,
          "stddev" : 8454.302380,
          "N" : 71681,
          "percentile" : {
            "1.000000" : 109056,
            "5.000000" : 111104,
            "10.000000" : 112128,
            "20.000000" : 113152,
            "30.000000" : 115200,
            "40.000000" : 116224,
            "50.000000" : 118272,
            "60.000000" : 120320,
            "70.000000" : 122368,
            "80.000000" : 124416,
            "90.000000" : 126464,
            "95.000000" : 129536,
            "99.000000" : 142336,
            "99.500000" : 150528,
            "99.900000" : 173056,
            "99.950000" : 226304,
            "99.990000" : 423936
          }
        },
        "lat_ns" : {
          "min" : 110306,
          "max" : 563484,
          "mean" : 124027.585957,
          "stddev" : 8796.580940,
          "N" : 71681
        },
        "bw_min" : 2097152,
        "bw_max" : 3485696,
        "bw_agg" : 100.000000,
        "bw_mean" : 2446490.850000,
        "bw_dev" : 463032.577759,
        "bw_samples" : 60,
        "iops_min" : 2048,
        "iops_max" : 3404,
        "iops_mean" : 2389.133333,
        "iops_stddev" : 452.159581,
        "iops_samples" : 60
      },
      "trim" : {
        "io_bytes" : 0,
        "io_kbytes" : 0,
        "bw_bytes" : 0,
        "bw" : 0,
        "iops" : 0.000000,
        "runtime" : 0,
        "total_ios" : 0,
        "short_ios" : 0,
        "drop_ios" : 0,
        "slat_ns" : {
          "min" : 0,
          "max" : 0,
          "mean" : 0.000000,
          "stddev" : 0.000000,
          "N" : 0
        },
        "clat_ns" : {
          "min" : 0,
          "max" : 0,
          "mean" : 0.000000,
          "stddev" : 0.000000,
          "N" : 0
        },
        "lat_ns" : {
          "min" : 0,
          "max" : 0,
          "mean" : 0.000000,
          "stddev" : 0.000000,
          "N" : 0
        },
        "bw_min" : 0,
        "bw_max" : 0,
        "bw_agg" : 0.000000,
        "bw_mean" : 0.000000,
        "bw_dev" : 0.000000,
        "bw_samples" : 0,
        "iops_min" : 0,
        "iops_max" : 0,
        "iops_mean" : 0.000000,
        "iops_stddev" : 0.000000,
        "iops_samples" : 0
      },
      "sync" : {
        "total_ios" : 0,
        "lat_ns" : {
          "min" : 0,
          "max" : 0,
          "mean" : 0.000000,
          "stddev" : 0.000000,
          "N" : 0
        }
      },
      "job_runtime" : 30243,
      "usr_cpu" : 1.180438,
      "sys_cpu" : 38.422114,
      "ctx" : 2037,
      "majf" : 0,
      "minf" : 11,
      "iodepth_level" : {
        "1" : 100.000000,
        "2" : 0.000000,
        "4" : 0.000000,
        "8" : 0.000000,
        "16" : 0.000000,
        "32" : 0.000000,
        ">=64" : 0.000000
      },
      "iodepth_submit" : {
        "0" : 0.000000,
        "4" : 100.000000,
        "8" : 0.000000,
        "16" : 0.000000,
        "32" : 0.000000,
        "64" : 0.000000,
        ">=64" : 0.000000
      },
      "iodepth_complete" : {
        "0" : 0.000000,
        "4" : 100.000000,
        "8" : 0.000000,
        "16" : 0.000000,
        "32" : 0.000000,
        "64" : 0.000000,
        ">=64" : 0.000000
      },
      "latency_ns" : {
        "2" : 0.000000,
        "4" : 0.000000,
        "10" : 0.000000,
        "20" : 0.000000,
        "50" : 0.000000,
        "100" : 0.000000,
        "250" : 0.000000,
        "500" : 0.000000,
        "750" : 0.000000,
        "1000" : 0.000000
      },
      "latency_us" : {
        "2" : 0.000000,
        "4" : 0.000000,
        "10" : 0.000000,
        "20" : 0.000000,
        "50" : 0.000000,
        "100" : 0.000000,
        "250" : 99.966518,
        "500" : 0.030692,
        "750" : 0.010000,
        "1000" : 0.000000
      },
      "latency_ms" : {
        "2" : 0.000000,
        "4" : 0.000000,
        "10" : 0.000000,
        "20" : 0.000000,
        "50" : 0.000000,
        "100" : 0.000000,
        "250" : 0.000000,
        "500" : 0.000000,
        "750" : 0.000000,
        "1000" : 0.000000,
        "2000" : 0.000000,
        ">=2000" : 0.000000
      },
      "latency_depth" : 1,
      "latency_target" : 0,
      "latency_percentile" : 100.000000,
      "latency_window" : 0
    }
  ],
  "disk_util" : [
    {
      "name" : "dm-0",
      "read_ios" : 0,
      "write_ios" : 464,
      "read_sectors" : 0,
      "write_sectors" : 145752560,
      "read_merges" : 0,
      "write_merges" : 0,
      "read_ticks" : 0,
      "write_ticks" : 19968,
      "in_queue" : 19968,
      "util" : 66.019739,
      "aggr_read_ios" : 0,
      "aggr_write_ios" : 573467,
      "aggr_read_sectors" : 0,
      "aggr_write_sectors" : 146801136,
      "aggr_read_merges" : 0,
      "aggr_write_merge" : 35,
      "aggr_read_ticks" : 0,
      "aggr_write_ticks" : 4144159,
      "aggr_in_queue" : 4144165,
      "aggr_util" : 62.508249
    },
    {
      "name" : "nvme0n1",
      "read_ios" : 0,
      "write_ios" : 573467,
      "read_sectors" : 0,
      "write_sectors" : 146801136,
      "read_merges" : 0,
      "write_merges" : 35,
      "read_ticks" : 0,
      "write_ticks" : 4144159,
      "in_queue" : 4144165,
      "util" : 62.508249
    }
  ]
}
