{
  "fio version" : "fio-3.41",
  "timestamp" : 1783499602,
  "timestamp_ms" : 1783499602856,
  "time" : "Wed Jul  8 17:33:22 2026",
  "jobs" : [
    {
      "jobname" : "seq_write",
      "groupid" : 0,
      "job_start" : 1783499572803,
      "error" : 0,
      "eta" : 0,
      "elapsed" : 31,
      "job options" : {
        "name" : "seq_write",
        "directory" : "/home/kitalab/benchmark/2026-07-08-17-31/storage",
        "rw" : "write",
        "bs" : "1M",
        "size" : "1G",
        "numjobs" : "1",
        "runtime" : "30",
        "time_based" : "",
        "group_reporting" : ""
      },
      "read" : {
        "io_bytes" : 0,
        "io_kbytes" : 0,
        "bw_bytes" : 0,
        "bw" : 0,
        "iops" : 0.000000,
        "runtime" : 0,
        "total_ios" : 0,
        "short_ios" : 0,
        "drop_ios" : 0,
        "slat_ns" : {
          "min" : 0,
          "max" : 0,
          "mean" : 0.000000,
          "stddev" : 0.000000,
          "N" : 0
        },
        "clat_ns" : {
          "min" : 0,
          "max" : 0,
          "mean" : 0.000000,
          "stddev" : 0.000000,
          "N" : 0
        },
        "lat_ns" : {
          "min" : 0,
          "max" : 0,
          "mean" : 0.000000,
          "stddev" : 0.000000,
          "N" : 0
        },
        "bw_min" : 0,
        "bw_max" : 0,
        "bw_agg" : 0.000000,
        "bw_mean" : 0.000000,
        "bw_dev" : 0.000000,
        "bw_samples" : 0,
        "iops_min" : 0,
        "iops_max" : 0,
        "iops_mean" : 0.000000,
        "iops_stddev" : 0.000000,
        "iops_samples" : 0
      },
      "write" : {
        "io_bytes" : 77325139968,
        "io_kbytes" : 75512832,
        "bw_bytes" : 2577418751,
        "bw" : 2517010,
        "iops" : 2458.018066,
        "runtime" : 30001,
        "total_ios" : 73743,
        "short_ios" : 0,
        "drop_ios" : 0,
        "slat_ns" : {
          "min" : 0,
          "max" : 0,
          "mean" : 0.000000,
          "stddev" : 0.000000,
          "N" : 0
        },
        "clat_ns" : {
          "min" : 105866,
          "max" : 1029061,
          "mean" : 118232.577506,
          "stddev" : 10056.179597,
          "N" : 73743,
          "percentile" : {
            "1.000000" : 109056,
            "5.000000" : 111104,
            "10.000000" : 112128,
            "20.000000" : 113152,
            "30.000000" : 114176,
            "40.000000" : 115200,
            "50.000000" : 117248,
            "60.000000" : 118272,
            "70.000000" : 120320,
            "80.000000" : 122368,
            "90.000000" : 125440,
            "95.000000" : 127488,
            "99.000000" : 138240,
            "99.500000" : 148480,
            "99.900000" : 173056,
            "99.950000" : 216064,
            "99.990000" : 509952
          }
        },
        "lat_ns" : {
          "min" : 110765,
          "max" : 1032285,
          "mean" : 123005.004665,
          "stddev" : 10555.941149,
          "N" : 73743
        },
        "bw_min" : 2097152,
        "bw_max" : 3590144,
        "bw_agg" : 100.000000,
        "bw_mean" : 2523691.389831,
        "bw_dev" : 541097.406629,
        "bw_samples" : 59,
        "iops_min" : 2048,
        "iops_max" : 3506,
        "iops_mean" : 2464.542373,
        "iops_stddev" : 528.415436,
        "iops_samples" : 59
      },
      "trim" : {
        "io_bytes" : 0,
        "io_kbytes" : 0,
        "bw_bytes" : 0,
        "bw" : 0,
        "iops" : 0.000000,
        "runtime" : 0,
        "total_ios" : 0,
        "short_ios" : 0,
        "drop_ios" : 0,
        "slat_ns" : {
          "min" : 0,
          "max" : 0,
          "mean" : 0.000000,
          "stddev" : 0.000000,
          "N" : 0
        },
        "clat_ns" : {
          "min" : 0,
          "max" : 0,
          "mean" : 0.000000,
          "stddev" : 0.000000,
          "N" : 0
        },
        "lat_ns" : {
          "min" : 0,
          "max" : 0,
          "mean" : 0.000000,
          "stddev" : 0.000000,
          "N" : 0
        },
        "bw_min" : 0,
        "bw_max" : 0,
        "bw_agg" : 0.000000,
        "bw_mean" : 0.000000,
        "bw_dev" : 0.000000,
        "bw_samples" : 0,
        "iops_min" : 0,
        "iops_max" : 0,
        "iops_mean" : 0.000000,
        "iops_stddev" : 0.000000,
        "iops_samples" : 0
      },
      "sync" : {
        "total_ios" : 0,
        "lat_ns" : {
          "min" : 0,
          "max" : 0,
          "mean" : 0.000000,
          "stddev" : 0.000000,
          "N" : 0
        }
      },
      "job_runtime" : 30000,
      "usr_cpu" : 1.250000,
      "sys_cpu" : 38.903333,
      "ctx" : 2014,
      "majf" : 0,
      "minf" : 9,
      "iodepth_level" : {
        "1" : 100.000000,
        "2" : 0.000000,
        "4" : 0.000000,
        "8" : 0.000000,
        "16" : 0.000000,
        "32" : 0.000000,
        ">=64" : 0.000000
      },
      "iodepth_submit" : {
        "0" : 0.000000,
        "4" : 100.000000,
        "8" : 0.000000,
        "16" : 0.000000,
        "32" : 0.000000,
        "64" : 0.000000,
        ">=64" : 0.000000
      },
      "iodepth_complete" : {
        "0" : 0.000000,
        "4" : 100.000000,
        "8" : 0.000000,
        "16" : 0.000000,
        "32" : 0.000000,
        "64" : 0.000000,
        ">=64" : 0.000000
      },
      "latency_ns" : {
        "2" : 0.000000,
        "4" : 0.000000,
        "10" : 0.000000,
        "20" : 0.000000,
        "50" : 0.000000,
        "100" : 0.000000,
        "250" : 0.000000,
        "500" : 0.000000,
        "750" : 0.000000,
        "1000" : 0.000000
      },
      "latency_us" : {
        "2" : 0.000000,
        "4" : 0.000000,
        "10" : 0.000000,
        "20" : 0.000000,
        "50" : 0.000000,
        "100" : 0.000000,
        "250" : 99.963386,
        "500" : 0.025765,
        "750" : 0.010000,
        "1000" : 0.010000
      },
      "latency_ms" : {
        "2" : 0.010000,
        "4" : 0.000000,
        "10" : 0.000000,
        "20" : 0.000000,
        "50" : 0.000000,
        "100" : 0.000000,
        "250" : 0.000000,
        "500" : 0.000000,
        "750" : 0.000000,
        "1000" : 0.000000,
        "2000" : 0.000000,
        ">=2000" : 0.000000
      },
      "latency_depth" : 1,
      "latency_target" : 0,
      "latency_percentile" : 100.000000,
      "latency_window" : 0
    }
  ],
  "disk_util" : [
    {
      "name" : "dm-0",
      "read_ios" : 0,
      "write_ios" : 1169,
      "read_sectors" : 0,
      "write_sectors" : 149881232,
      "read_merges" : 0,
      "write_merges" : 0,
      "read_ticks" : 0,
      "write_ticks" : 24838,
      "in_queue" : 24838,
      "util" : 67.625058,
      "aggr_read_ios" : 0,
      "aggr_write_ios" : 589844,
      "aggr_read_sectors" : 0,
      "aggr_write_sectors" : 150995344,
      "aggr_read_merges" : 0,
      "aggr_write_merge" : 30,
      "aggr_read_ticks" : 0,
      "aggr_write_ticks" : 4186802,
      "aggr_in_queue" : 4186812,
      "aggr_util" : 64.814261
    },
    {
      "name" : "nvme0n1",
      "read_ios" : 0,
      "write_ios" : 589844,
      "read_sectors" : 0,
      "write_sectors" : 150995344,
      "read_merges" : 0,
      "write_merges" : 30,
      "read_ticks" : 0,
      "write_ticks" : 4186802,
      "in_queue" : 4186812,
      "util" : 64.814261
    }
  ]
}
