{
  "fio version" : "fio-3.41",
  "timestamp" : 1783499664,
  "timestamp_ms" : 1783499664059,
  "time" : "Wed Jul  8 17:34:24 2026",
  "jobs" : [
    {
      "jobname" : "rand_write",
      "groupid" : 0,
      "job_start" : 1783499633914,
      "error" : 0,
      "eta" : 0,
      "elapsed" : 31,
      "job options" : {
        "name" : "rand_write",
        "directory" : "/home/kitalab/benchmark/2026-07-08-17-31/storage",
        "rw" : "randwrite",
        "bs" : "4k",
        "size" : "1G",
        "numjobs" : "4",
        "iodepth" : "32",
        "runtime" : "30",
        "time_based" : "",
        "group_reporting" : ""
      },
      "read" : {
        "io_bytes" : 0,
        "io_kbytes" : 0,
        "bw_bytes" : 0,
        "bw" : 0,
        "iops" : 0.000000,
        "runtime" : 0,
        "total_ios" : 0,
        "short_ios" : 0,
        "drop_ios" : 0,
        "slat_ns" : {
          "min" : 0,
          "max" : 0,
          "mean" : 0.000000,
          "stddev" : 0.000000,
          "N" : 0
        },
        "clat_ns" : {
          "min" : 0,
          "max" : 0,
          "mean" : 0.000000,
          "stddev" : 0.000000,
          "N" : 0
        },
        "lat_ns" : {
          "min" : 0,
          "max" : 0,
          "mean" : 0.000000,
          "stddev" : 0.000000,
          "N" : 0
        },
        "bw_min" : 0,
        "bw_max" : 0,
        "bw_agg" : 0.000000,
        "bw_mean" : 0.000000,
        "bw_dev" : 0.000000,
        "bw_samples" : 0,
        "iops_min" : 0,
        "iops_max" : 0,
        "iops_mean" : 0.000000,
        "iops_stddev" : 0.000000,
        "iops_samples" : 0
      },
      "write" : {
        "io_bytes" : 115005054976,
        "io_kbytes" : 112309624,
        "bw_bytes" : 3823814834,
        "bw" : 3734194,
        "iops" : 933548.543689,
        "runtime" : 30076,
        "total_ios" : 28077406,
        "short_ios" : 0,
        "drop_ios" : 0,
        "slat_ns" : {
          "min" : 0,
          "max" : 0,
          "mean" : 0.000000,
          "stddev" : 0.000000,
          "N" : 0
        },
        "clat_ns" : {
          "min" : 614,
          "max" : 158966909,
          "mean" : 1261.772939,
          "stddev" : 54984.572562,
          "N" : 28077406,
          "percentile" : {
            "1.000000" : 748,
            "5.000000" : 812,
            "10.000000" : 852,
            "20.000000" : 908,
            "30.000000" : 948,
            "40.000000" : 988,
            "50.000000" : 1032,
            "60.000000" : 1080,
            "70.000000" : 1128,
            "80.000000" : 1208,
            "90.000000" : 1352,
            "95.000000" : 1720,
            "99.000000" : 5216,
            "99.500000" : 6368,
            "99.900000" : 8160,
            "99.950000" : 17792,
            "99.990000" : 152576
          }
        },
        "lat_ns" : {
          "min" : 629,
          "max" : 158966925,
          "mean" : 1277.723615,
          "stddev" : 54984.583275,
          "N" : 28077406
        },
        "bw_min" : 109760,
        "bw_max" : 8388608,
        "bw_agg" : 100.000000,
        "bw_mean" : 4819371.822538,
        "bw_dev" : 701851.809324,
        "bw_samples" : 183,
        "iops_min" : 27440,
        "iops_max" : 2097152,
        "iops_mean" : 1204842.960958,
        "iops_stddev" : 175462.966940,
        "iops_samples" : 183
      },
      "trim" : {
        "io_bytes" : 0,
        "io_kbytes" : 0,
        "bw_bytes" : 0,
        "bw" : 0,
        "iops" : 0.000000,
        "runtime" : 0,
        "total_ios" : 0,
        "short_ios" : 0,
        "drop_ios" : 0,
        "slat_ns" : {
          "min" : 0,
          "max" : 0,
          "mean" : 0.000000,
          "stddev" : 0.000000,
          "N" : 0
        },
        "clat_ns" : {
          "min" : 0,
          "max" : 0,
          "mean" : 0.000000,
          "stddev" : 0.000000,
          "N" : 0
        },
        "lat_ns" : {
          "min" : 0,
          "max" : 0,
          "mean" : 0.000000,
          "stddev" : 0.000000,
          "N" : 0
        },
        "bw_min" : 0,
        "bw_max" : 0,
        "bw_agg" : 0.000000,
        "bw_mean" : 0.000000,
        "bw_dev" : 0.000000,
        "bw_samples" : 0,
        "iops_min" : 0,
        "iops_max" : 0,
        "iops_mean" : 0.000000,
        "iops_stddev" : 0.000000,
        "iops_samples" : 0
      },
      "sync" : {
        "total_ios" : 0,
        "lat_ns" : {
          "min" : 0,
          "max" : 0,
          "mean" : 0.000000,
          "stddev" : 0.000000,
          "N" : 0
        }
      },
      "job_runtime" : 120075,
      "usr_cpu" : 3.663544,
      "sys_cpu" : 50.006246,
      "ctx" : 491197,
      "majf" : 0,
      "minf" : 45,
      "iodepth_level" : {
        "1" : 100.000000,
        "2" : 0.000000,
        "4" : 0.000000,
        "8" : 0.000000,
        "16" : 0.000000,
        "32" : 0.000000,
        ">=64" : 0.000000
      },
      "iodepth_submit" : {
        "0" : 0.000000,
        "4" : 100.000000,
        "8" : 0.000000,
        "16" : 0.000000,
        "32" : 0.000000,
        "64" : 0.000000,
        ">=64" : 0.000000
      },
      "iodepth_complete" : {
        "0" : 0.000000,
        "4" : 100.000000,
        "8" : 0.000000,
        "16" : 0.000000,
        "32" : 0.000000,
        "64" : 0.000000,
        ">=64" : 0.000000
      },
      "latency_ns" : {
        "2" : 0.000000,
        "4" : 0.000000,
        "10" : 0.000000,
        "20" : 0.000000,
        "50" : 0.000000,
        "100" : 0.000000,
        "250" : 0.000000,
        "500" : 0.000000,
        "750" : 1.071199,
        "1000" : 41.651059
      },
      "latency_us" : {
        "2" : 52.714774,
        "4" : 3.263881,
        "10" : 1.242162,
        "20" : 0.010000,
        "50" : 0.010000,
        "100" : 0.022267,
        "250" : 0.019635,
        "500" : 0.010000,
        "750" : 0.010000,
        "1000" : 0.000000
      },
      "latency_ms" : {
        "2" : 0.010000,
        "4" : 0.010000,
        "10" : 0.010000,
        "20" : 0.010000,
        "50" : 0.010000,
        "100" : 0.000000,
        "250" : 0.010000,
        "500" : 0.000000,
        "750" : 0.000000,
        "1000" : 0.000000,
        "2000" : 0.000000,
        ">=2000" : 0.000000
      },
      "latency_depth" : 32,
      "latency_target" : 0,
      "latency_percentile" : 100.000000,
      "latency_window" : 0
    }
  ],
  "disk_util" : [
    {
      "name" : "dm-0",
      "read_ios" : 0,
      "write_ios" : 1826308,
      "read_sectors" : 0,
      "write_sectors" : 219709312,
      "read_merges" : 0,
      "write_merges" : 0,
      "read_ticks" : 0,
      "write_ticks" : 2660329,
      "in_queue" : 2660329,
      "util" : 98.351795,
      "aggr_read_ios" : 0,
      "aggr_write_ios" : 2411238,
      "aggr_read_sectors" : 0,
      "aggr_write_sectors" : 221212120,
      "aggr_read_merges" : 0,
      "aggr_write_merge" : 567,
      "aggr_read_ticks" : 0,
      "aggr_write_ticks" : 25063062,
      "aggr_in_queue" : 25063068,
      "aggr_util" : 80.122638
    },
    {
      "name" : "nvme0n1",
      "read_ios" : 0,
      "write_ios" : 2411238,
      "read_sectors" : 0,
      "write_sectors" : 221212120,
      "read_merges" : 0,
      "write_merges" : 567,
      "read_ticks" : 0,
      "write_ticks" : 25063062,
      "in_queue" : 25063068,
      "util" : 80.122638
    }
  ]
}
