{
  "fio version" : "fio-3.41",
  "timestamp" : 1783499633,
  "timestamp_ms" : 1783499633646,
  "time" : "Wed Jul  8 17:33:53 2026",
  "jobs" : [
    {
      "jobname" : "seq_read",
      "groupid" : 0,
      "job_start" : 1783499603621,
      "error" : 0,
      "eta" : 0,
      "elapsed" : 31,
      "job options" : {
        "name" : "seq_read",
        "directory" : "/home/kitalab/benchmark/2026-07-08-17-31/storage",
        "rw" : "read",
        "bs" : "1M",
        "size" : "1G",
        "numjobs" : "1",
        "runtime" : "30",
        "time_based" : "",
        "group_reporting" : ""
      },
      "read" : {
        "io_bytes" : 97094991872,
        "io_kbytes" : 94819328,
        "bw_bytes" : 3236391849,
        "bw" : 3160538,
        "iops" : 3086.463785,
        "runtime" : 30001,
        "total_ios" : 92597,
        "short_ios" : 0,
        "drop_ios" : 0,
        "slat_ns" : {
          "min" : 0,
          "max" : 0,
          "mean" : 0.000000,
          "stddev" : 0.000000,
          "N" : 0
        },
        "clat_ns" : {
          "min" : 292728,
          "max" : 4123831,
          "mean" : 321086.818137,
          "stddev" : 20982.230801,
          "N" : 92597,
          "percentile" : {
            "1.000000" : 301056,
            "5.000000" : 305152,
            "10.000000" : 317440,
            "20.000000" : 317440,
            "30.000000" : 321536,
            "40.000000" : 321536,
            "50.000000" : 321536,
            "60.000000" : 321536,
            "70.000000" : 321536,
            "80.000000" : 321536,
            "90.000000" : 325632,
            "95.000000" : 329728,
            "99.000000" : 337920,
            "99.500000" : 346112,
            "99.900000" : 585728,
            "99.950000" : 593920,
            "99.990000" : 602112
          }
        },
        "lat_ns" : {
          "min" : 292783,
          "max" : 4123887,
          "mean" : 321141.346134,
          "stddev" : 20985.897458,
          "N" : 92597
        },
        "bw_min" : 3117056,
        "bw_max" : 3176448,
        "bw_agg" : 100.000000,
        "bw_mean" : 3163396.338983,
        "bw_dev" : 11452.762336,
        "bw_samples" : 59,
        "iops_min" : 3044,
        "iops_max" : 3102,
        "iops_mean" : 3089.254237,
        "iops_stddev" : 11.184338,
        "iops_samples" : 59
      },
      "write" : {
        "io_bytes" : 0,
        "io_kbytes" : 0,
        "bw_bytes" : 0,
        "bw" : 0,
        "iops" : 0.000000,
        "runtime" : 0,
        "total_ios" : 0,
        "short_ios" : 0,
        "drop_ios" : 0,
        "slat_ns" : {
          "min" : 0,
          "max" : 0,
          "mean" : 0.000000,
          "stddev" : 0.000000,
          "N" : 0
        },
        "clat_ns" : {
          "min" : 0,
          "max" : 0,
          "mean" : 0.000000,
          "stddev" : 0.000000,
          "N" : 0
        },
        "lat_ns" : {
          "min" : 0,
          "max" : 0,
          "mean" : 0.000000,
          "stddev" : 0.000000,
          "N" : 0
        },
        "bw_min" : 0,
        "bw_max" : 0,
        "bw_agg" : 0.000000,
        "bw_mean" : 0.000000,
        "bw_dev" : 0.000000,
        "bw_samples" : 0,
        "iops_min" : 0,
        "iops_max" : 0,
        "iops_mean" : 0.000000,
        "iops_stddev" : 0.000000,
        "iops_samples" : 0
      },
      "trim" : {
        "io_bytes" : 0,
        "io_kbytes" : 0,
        "bw_bytes" : 0,
        "bw" : 0,
        "iops" : 0.000000,
        "runtime" : 0,
        "total_ios" : 0,
        "short_ios" : 0,
        "drop_ios" : 0,
        "slat_ns" : {
          "min" : 0,
          "max" : 0,
          "mean" : 0.000000,
          "stddev" : 0.000000,
          "N" : 0
        },
        "clat_ns" : {
          "min" : 0,
          "max" : 0,
          "mean" : 0.000000,
          "stddev" : 0.000000,
          "N" : 0
        },
        "lat_ns" : {
          "min" : 0,
          "max" : 0,
          "mean" : 0.000000,
          "stddev" : 0.000000,
          "N" : 0
        },
        "bw_min" : 0,
        "bw_max" : 0,
        "bw_agg" : 0.000000,
        "bw_mean" : 0.000000,
        "bw_dev" : 0.000000,
        "bw_samples" : 0,
        "iops_min" : 0,
        "iops_max" : 0,
        "iops_mean" : 0.000000,
        "iops_stddev" : 0.000000,
        "iops_samples" : 0
      },
      "sync" : {
        "total_ios" : 0,
        "lat_ns" : {
          "min" : 0,
          "max" : 0,
          "mean" : 0.000000,
          "stddev" : 0.000000,
          "N" : 0
        }
      },
      "job_runtime" : 30000,
      "usr_cpu" : 0.086667,
      "sys_cpu" : 41.090000,
      "ctx" : 369865,
      "majf" : 0,
      "minf" : 265,
      "iodepth_level" : {
        "1" : 100.000000,
        "2" : 0.000000,
        "4" : 0.000000,
        "8" : 0.000000,
        "16" : 0.000000,
        "32" : 0.000000,
        ">=64" : 0.000000
      },
      "iodepth_submit" : {
        "0" : 0.000000,
        "4" : 100.000000,
        "8" : 0.000000,
        "16" : 0.000000,
        "32" : 0.000000,
        "64" : 0.000000,
        ">=64" : 0.000000
      },
      "iodepth_complete" : {
        "0" : 0.000000,
        "4" : 100.000000,
        "8" : 0.000000,
        "16" : 0.000000,
        "32" : 0.000000,
        "64" : 0.000000,
        ">=64" : 0.000000
      },
      "latency_ns" : {
        "2" : 0.000000,
        "4" : 0.000000,
        "10" : 0.000000,
        "20" : 0.000000,
        "50" : 0.000000,
        "100" : 0.000000,
        "250" : 0.000000,
        "500" : 0.000000,
        "750" : 0.000000,
        "1000" : 0.000000
      },
      "latency_us" : {
        "2" : 0.000000,
        "4" : 0.000000,
        "10" : 0.000000,
        "20" : 0.000000,
        "50" : 0.000000,
        "100" : 0.000000,
        "250" : 0.000000,
        "500" : 99.879046,
        "750" : 0.116634,
        "1000" : 0.010000
      },
      "latency_ms" : {
        "2" : 0.010000,
        "4" : 0.010000,
        "10" : 0.010000,
        "20" : 0.000000,
        "50" : 0.000000,
        "100" : 0.000000,
        "250" : 0.000000,
        "500" : 0.000000,
        "750" : 0.000000,
        "1000" : 0.000000,
        "2000" : 0.000000,
        ">=2000" : 0.000000
      },
      "latency_depth" : 1,
      "latency_target" : 0,
      "latency_percentile" : 100.000000,
      "latency_window" : 0
    }
  ],
  "disk_util" : [
    {
      "name" : "dm-0",
      "read_ios" : 369114,
      "write_ios" : 45,
      "read_sectors" : 188986368,
      "write_sectors" : 31080,
      "read_merges" : 0,
      "write_merges" : 0,
      "read_ticks" : 51010,
      "write_ticks" : 501,
      "in_queue" : 51511,
      "util" : 98.885738,
      "aggr_read_ios" : 740778,
      "aggr_write_ios" : 140,
      "aggr_read_sectors" : 189639168,
      "aggr_write_sectors" : 31080,
      "aggr_read_merges" : 0,
      "aggr_write_merge" : 24,
      "aggr_read_ticks" : 94607,
      "aggr_write_ticks" : 507,
      "aggr_in_queue" : 95116,
      "aggr_util" : 71.312265
    },
    {
      "name" : "nvme0n1",
      "read_ios" : 740778,
      "write_ios" : 140,
      "read_sectors" : 189639168,
      "write_sectors" : 31080,
      "read_merges" : 0,
      "write_merges" : 24,
      "read_ticks" : 94607,
      "write_ticks" : 507,
      "in_queue" : 95116,
      "util" : 71.312265
    }
  ]
}
