{
  "fio version" : "fio-3.41",
  "timestamp" : 1783499697,
  "timestamp_ms" : 1783499697085,
  "time" : "Wed Jul  8 17:34:57 2026",
  "jobs" : [
    {
      "jobname" : "rand_read",
      "groupid" : 0,
      "job_start" : 1783499667050,
      "error" : 0,
      "eta" : 0,
      "elapsed" : 31,
      "job options" : {
        "name" : "rand_read",
        "directory" : "/home/kitalab/benchmark/2026-07-08-17-31/storage",
        "rw" : "randread",
        "bs" : "4k",
        "size" : "1G",
        "numjobs" : "4",
        "iodepth" : "32",
        "runtime" : "30",
        "time_based" : "",
        "group_reporting" : ""
      },
      "read" : {
        "io_bytes" : 8225894400,
        "io_kbytes" : 8033100,
        "bw_bytes" : 274187340,
        "bw" : 267761,
        "iops" : 66940.268658,
        "runtime" : 30001,
        "total_ios" : 2008275,
        "short_ios" : 0,
        "drop_ios" : 0,
        "slat_ns" : {
          "min" : 0,
          "max" : 0,
          "mean" : 0.000000,
          "stddev" : 0.000000,
          "N" : 0
        },
        "clat_ns" : {
          "min" : 45394,
          "max" : 1891426,
          "mean" : 59273.490016,
          "stddev" : 9478.130426,
          "N" : 2008275,
          "percentile" : {
            "1.000000" : 53504,
            "5.000000" : 54528,
            "10.000000" : 55040,
            "20.000000" : 55552,
            "30.000000" : 56064,
            "40.000000" : 56576,
            "50.000000" : 56576,
            "60.000000" : 57088,
            "70.000000" : 57600,
            "80.000000" : 58112,
            "90.000000" : 65280,
            "95.000000" : 78336,
            "99.000000" : 92672,
            "99.500000" : 98816,
            "99.900000" : 134144,
            "99.950000" : 181248,
            "99.990000" : 244736
          }
        },
        "lat_ns" : {
          "min" : 45412,
          "max" : 1892599,
          "mean" : 59302.594652,
          "stddev" : 9480.447724,
          "N" : 2008275
        },
        "bw_min" : 217704,
        "bw_max" : 271904,
        "bw_agg" : 100.000000,
        "bw_mean" : 268037.966102,
        "bw_dev" : 1701.850766,
        "bw_samples" : 236,
        "iops_min" : 54426,
        "iops_max" : 67976,
        "iops_mean" : 67009.525424,
        "iops_stddev" : 425.464010,
        "iops_samples" : 236
      },
      "write" : {
        "io_bytes" : 0,
        "io_kbytes" : 0,
        "bw_bytes" : 0,
        "bw" : 0,
        "iops" : 0.000000,
        "runtime" : 0,
        "total_ios" : 0,
        "short_ios" : 0,
        "drop_ios" : 0,
        "slat_ns" : {
          "min" : 0,
          "max" : 0,
          "mean" : 0.000000,
          "stddev" : 0.000000,
          "N" : 0
        },
        "clat_ns" : {
          "min" : 0,
          "max" : 0,
          "mean" : 0.000000,
          "stddev" : 0.000000,
          "N" : 0
        },
        "lat_ns" : {
          "min" : 0,
          "max" : 0,
          "mean" : 0.000000,
          "stddev" : 0.000000,
          "N" : 0
        },
        "bw_min" : 0,
        "bw_max" : 0,
        "bw_agg" : 0.000000,
        "bw_mean" : 0.000000,
        "bw_dev" : 0.000000,
        "bw_samples" : 0,
        "iops_min" : 0,
        "iops_max" : 0,
        "iops_mean" : 0.000000,
        "iops_stddev" : 0.000000,
        "iops_samples" : 0
      },
      "trim" : {
        "io_bytes" : 0,
        "io_kbytes" : 0,
        "bw_bytes" : 0,
        "bw" : 0,
        "iops" : 0.000000,
        "runtime" : 0,
        "total_ios" : 0,
        "short_ios" : 0,
        "drop_ios" : 0,
        "slat_ns" : {
          "min" : 0,
          "max" : 0,
          "mean" : 0.000000,
          "stddev" : 0.000000,
          "N" : 0
        },
        "clat_ns" : {
          "min" : 0,
          "max" : 0,
          "mean" : 0.000000,
          "stddev" : 0.000000,
          "N" : 0
        },
        "lat_ns" : {
          "min" : 0,
          "max" : 0,
          "mean" : 0.000000,
          "stddev" : 0.000000,
          "N" : 0
        },
        "bw_min" : 0,
        "bw_max" : 0,
        "bw_agg" : 0.000000,
        "bw_mean" : 0.000000,
        "bw_dev" : 0.000000,
        "bw_samples" : 0,
        "iops_min" : 0,
        "iops_max" : 0,
        "iops_mean" : 0.000000,
        "iops_stddev" : 0.000000,
        "iops_samples" : 0
      },
      "sync" : {
        "total_ios" : 0,
        "lat_ns" : {
          "min" : 0,
          "max" : 0,
          "mean" : 0.000000,
          "stddev" : 0.000000,
          "N" : 0
        }
      },
      "job_runtime" : 120000,
      "usr_cpu" : 0.931667,
      "sys_cpu" : 6.789167,
      "ctx" : 2008298,
      "majf" : 0,
      "minf" : 36,
      "iodepth_level" : {
        "1" : 100.000000,
        "2" : 0.000000,
        "4" : 0.000000,
        "8" : 0.000000,
        "16" : 0.000000,
        "32" : 0.000000,
        ">=64" : 0.000000
      },
      "iodepth_submit" : {
        "0" : 0.000000,
        "4" : 100.000000,
        "8" : 0.000000,
        "16" : 0.000000,
        "32" : 0.000000,
        "64" : 0.000000,
        ">=64" : 0.000000
      },
      "iodepth_complete" : {
        "0" : 0.000000,
        "4" : 100.000000,
        "8" : 0.000000,
        "16" : 0.000000,
        "32" : 0.000000,
        "64" : 0.000000,
        ">=64" : 0.000000
      },
      "latency_ns" : {
        "2" : 0.000000,
        "4" : 0.000000,
        "10" : 0.000000,
        "20" : 0.000000,
        "50" : 0.000000,
        "100" : 0.000000,
        "250" : 0.000000,
        "500" : 0.000000,
        "750" : 0.000000,
        "1000" : 0.000000
      },
      "latency_us" : {
        "2" : 0.000000,
        "4" : 0.000000,
        "10" : 0.000000,
        "20" : 0.000000,
        "50" : 0.032067,
        "100" : 99.489263,
        "250" : 0.469258,
        "500" : 0.010000,
        "750" : 0.000000,
        "1000" : 0.010000
      },
      "latency_ms" : {
        "2" : 0.010000,
        "4" : 0.000000,
        "10" : 0.000000,
        "20" : 0.000000,
        "50" : 0.000000,
        "100" : 0.000000,
        "250" : 0.000000,
        "500" : 0.000000,
        "750" : 0.000000,
        "1000" : 0.000000,
        "2000" : 0.000000,
        ">=2000" : 0.000000
      },
      "latency_depth" : 32,
      "latency_target" : 0,
      "latency_percentile" : 100.000000,
      "latency_window" : 0
    }
  ],
  "disk_util" : [
    {
      "name" : "dm-0",
      "read_ios" : 2002150,
      "write_ios" : 53,
      "read_sectors" : 16017200,
      "write_sectors" : 424,
      "read_merges" : 0,
      "write_merges" : 0,
      "read_ticks" : 111002,
      "write_ticks" : 4747,
      "in_queue" : 115749,
      "util" : 99.502985,
      "aggr_read_ios" : 2008275,
      "aggr_write_ios" : 18,
      "aggr_read_sectors" : 16066200,
      "aggr_write_sectors" : 424,
      "aggr_read_merges" : 0,
      "aggr_write_merge" : 35,
      "aggr_read_ticks" : 111963,
      "aggr_write_ticks" : 4751,
      "aggr_in_queue" : 116716,
      "aggr_util" : 78.404786
    },
    {
      "name" : "nvme0n1",
      "read_ios" : 2008275,
      "write_ios" : 18,
      "read_sectors" : 16066200,
      "write_sectors" : 424,
      "read_merges" : 0,
      "write_merges" : 35,
      "read_ticks" : 111963,
      "write_ticks" : 4751,
      "in_queue" : 116716,
      "util" : 78.404786
    }
  ]
}
