{
  "fio version" : "fio-3.41",
  "timestamp" : 1783656863,
  "timestamp_ms" : 1783656863875,
  "time" : "Fri Jul 10 13:14:23 2026",
  "jobs" : [
    {
      "jobname" : "rand_write",
      "groupid" : 0,
      "job_start" : 1783656833348,
      "error" : 0,
      "eta" : 0,
      "elapsed" : 31,
      "job options" : {
        "name" : "rand_write",
        "directory" : "/home/kitalab/benchmark/2026-07-10-13-11/storage",
        "rw" : "randwrite",
        "bs" : "4k",
        "size" : "1G",
        "numjobs" : "4",
        "iodepth" : "32",
        "runtime" : "30",
        "time_based" : "",
        "group_reporting" : ""
      },
      "read" : {
        "io_bytes" : 0,
        "io_kbytes" : 0,
        "bw_bytes" : 0,
        "bw" : 0,
        "iops" : 0.000000,
        "runtime" : 0,
        "total_ios" : 0,
        "short_ios" : 0,
        "drop_ios" : 0,
        "slat_ns" : {
          "min" : 0,
          "max" : 0,
          "mean" : 0.000000,
          "stddev" : 0.000000,
          "N" : 0
        },
        "clat_ns" : {
          "min" : 0,
          "max" : 0,
          "mean" : 0.000000,
          "stddev" : 0.000000,
          "N" : 0
        },
        "lat_ns" : {
          "min" : 0,
          "max" : 0,
          "mean" : 0.000000,
          "stddev" : 0.000000,
          "N" : 0
        },
        "bw_min" : 0,
        "bw_max" : 0,
        "bw_agg" : 0.000000,
        "bw_mean" : 0.000000,
        "bw_dev" : 0.000000,
        "bw_samples" : 0,
        "iops_min" : 0,
        "iops_max" : 0,
        "iops_mean" : 0.000000,
        "iops_stddev" : 0.000000,
        "iops_samples" : 0
      },
      "write" : {
        "io_bytes" : 116097323008,
        "io_kbytes" : 113376292,
        "bw_bytes" : 3820498980,
        "bw" : 3730956,
        "iops" : 932739.008819,
        "runtime" : 30388,
        "total_ios" : 28344073,
        "short_ios" : 0,
        "drop_ios" : 0,
        "slat_ns" : {
          "min" : 0,
          "max" : 0,
          "mean" : 0.000000,
          "stddev" : 0.000000,
          "N" : 0
        },
        "clat_ns" : {
          "min" : 606,
          "max" : 71988984,
          "mean" : 1464.218540,
          "stddev" : 85538.792353,
          "N" : 28344073,
          "percentile" : {
            "1.000000" : 756,
            "5.000000" : 820,
            "10.000000" : 860,
            "20.000000" : 908,
            "30.000000" : 948,
            "40.000000" : 988,
            "50.000000" : 1020,
            "60.000000" : 1064,
            "70.000000" : 1112,
            "80.000000" : 1176,
            "90.000000" : 1304,
            "95.000000" : 1704,
            "99.000000" : 5024,
            "99.500000" : 6176,
            "99.900000" : 7840,
            "99.950000" : 28032,
            "99.990000" : 193536
          }
        },
        "lat_ns" : {
          "min" : 621,
          "max" : 71989000,
          "mean" : 1480.174147,
          "stddev" : 85538.813958,
          "N" : 28344073
        },
        "bw_min" : 331544,
        "bw_max" : 8388608,
        "bw_agg" : 100.000000,
        "bw_mean" : 4731385.678506,
        "bw_dev" : 644286.620912,
        "bw_samples" : 190,
        "iops_min" : 82886,
        "iops_max" : 2097152,
        "iops_mean" : 1182846.502996,
        "iops_stddev" : 161071.634625,
        "iops_samples" : 190
      },
      "trim" : {
        "io_bytes" : 0,
        "io_kbytes" : 0,
        "bw_bytes" : 0,
        "bw" : 0,
        "iops" : 0.000000,
        "runtime" : 0,
        "total_ios" : 0,
        "short_ios" : 0,
        "drop_ios" : 0,
        "slat_ns" : {
          "min" : 0,
          "max" : 0,
          "mean" : 0.000000,
          "stddev" : 0.000000,
          "N" : 0
        },
        "clat_ns" : {
          "min" : 0,
          "max" : 0,
          "mean" : 0.000000,
          "stddev" : 0.000000,
          "N" : 0
        },
        "lat_ns" : {
          "min" : 0,
          "max" : 0,
          "mean" : 0.000000,
          "stddev" : 0.000000,
          "N" : 0
        },
        "bw_min" : 0,
        "bw_max" : 0,
        "bw_agg" : 0.000000,
        "bw_mean" : 0.000000,
        "bw_dev" : 0.000000,
        "bw_samples" : 0,
        "iops_min" : 0,
        "iops_max" : 0,
        "iops_mean" : 0.000000,
        "iops_stddev" : 0.000000,
        "iops_samples" : 0
      },
      "sync" : {
        "total_ios" : 0,
        "lat_ns" : {
          "min" : 0,
          "max" : 0,
          "mean" : 0.000000,
          "stddev" : 0.000000,
          "N" : 0
        }
      },
      "job_runtime" : 120415,
      "usr_cpu" : 3.684757,
      "sys_cpu" : 49.848441,
      "ctx" : 648212,
      "majf" : 0,
      "minf" : 47,
      "iodepth_level" : {
        "1" : 100.000000,
        "2" : 0.000000,
        "4" : 0.000000,
        "8" : 0.000000,
        "16" : 0.000000,
        "32" : 0.000000,
        ">=64" : 0.000000
      },
      "iodepth_submit" : {
        "0" : 0.000000,
        "4" : 100.000000,
        "8" : 0.000000,
        "16" : 0.000000,
        "32" : 0.000000,
        "64" : 0.000000,
        ">=64" : 0.000000
      },
      "iodepth_complete" : {
        "0" : 0.000000,
        "4" : 100.000000,
        "8" : 0.000000,
        "16" : 0.000000,
        "32" : 0.000000,
        "64" : 0.000000,
        ">=64" : 0.000000
      },
      "latency_ns" : {
        "2" : 0.000000,
        "4" : 0.000000,
        "10" : 0.000000,
        "20" : 0.000000,
        "50" : 0.000000,
        "100" : 0.000000,
        "250" : 0.000000,
        "500" : 0.000000,
        "750" : 0.938634,
        "1000" : 43.042424
      },
      "latency_us" : {
        "2" : 51.426169,
        "4" : 3.343747,
        "10" : 1.191547,
        "20" : 0.010000,
        "50" : 0.010000,
        "100" : 0.021641,
        "250" : 0.021394,
        "500" : 0.010000,
        "750" : 0.000000,
        "1000" : 0.010000
      },
      "latency_ms" : {
        "2" : 0.000000,
        "4" : 0.010000,
        "10" : 0.010000,
        "20" : 0.010000,
        "50" : 0.010000,
        "100" : 0.010000,
        "250" : 0.000000,
        "500" : 0.000000,
        "750" : 0.000000,
        "1000" : 0.000000,
        "2000" : 0.000000,
        ">=2000" : 0.000000
      },
      "latency_depth" : 32,
      "latency_target" : 0,
      "latency_percentile" : 100.000000,
      "latency_window" : 0
    }
  ],
  "disk_util" : [
    {
      "name" : "dm-0",
      "read_ios" : 0,
      "write_ios" : 1422271,
      "read_sectors" : 0,
      "write_sectors" : 224165144,
      "read_merges" : 0,
      "write_merges" : 0,
      "read_ticks" : 0,
      "write_ticks" : 2593388,
      "in_queue" : 2593388,
      "util" : 98.520896,
      "aggr_read_ios" : 0,
      "aggr_write_ios" : 2030114,
      "aggr_read_sectors" : 0,
      "aggr_write_sectors" : 225118672,
      "aggr_read_merges" : 0,
      "aggr_write_merge" : 1278,
      "aggr_read_ticks" : 0,
      "aggr_write_ticks" : 15789464,
      "aggr_in_queue" : 15789475,
      "aggr_util" : 79.853684
    },
    {
      "name" : "nvme0n1",
      "read_ios" : 0,
      "write_ios" : 2030114,
      "read_sectors" : 0,
      "write_sectors" : 225118672,
      "read_merges" : 0,
      "write_merges" : 1278,
      "read_ticks" : 0,
      "write_ticks" : 15789464,
      "in_queue" : 15789475,
      "util" : 79.853684
    }
  ]
}
