{
  "fio version" : "fio-3.41",
  "timestamp" : 1783656833,
  "timestamp_ms" : 1783656833079,
  "time" : "Fri Jul 10 13:13:53 2026",
  "jobs" : [
    {
      "jobname" : "seq_read",
      "groupid" : 0,
      "job_start" : 1783656803052,
      "error" : 0,
      "eta" : 0,
      "elapsed" : 31,
      "job options" : {
        "name" : "seq_read",
        "directory" : "/home/kitalab/benchmark/2026-07-10-13-11/storage",
        "rw" : "read",
        "bs" : "1M",
        "size" : "1G",
        "numjobs" : "1",
        "runtime" : "30",
        "time_based" : "",
        "group_reporting" : ""
      },
      "read" : {
        "io_bytes" : 97430536192,
        "io_kbytes" : 95147008,
        "bw_bytes" : 3247576287,
        "bw" : 3171461,
        "iops" : 3097.130096,
        "runtime" : 30001,
        "total_ios" : 92917,
        "short_ios" : 0,
        "drop_ios" : 0,
        "slat_ns" : {
          "min" : 0,
          "max" : 0,
          "mean" : 0.000000,
          "stddev" : 0.000000,
          "N" : 0
        },
        "clat_ns" : {
          "min" : 290351,
          "max" : 3675692,
          "mean" : 320671.001130,
          "stddev" : 17873.310872,
          "N" : 92917,
          "percentile" : {
            "1.000000" : 296960,
            "5.000000" : 305152,
            "10.000000" : 313344,
            "20.000000" : 317440,
            "30.000000" : 317440,
            "40.000000" : 317440,
            "50.000000" : 321536,
            "60.000000" : 321536,
            "70.000000" : 321536,
            "80.000000" : 321536,
            "90.000000" : 325632,
            "95.000000" : 329728,
            "99.000000" : 346112,
            "99.500000" : 395264,
            "99.900000" : 577536,
            "99.950000" : 585728,
            "99.990000" : 610304
          }
        },
        "lat_ns" : {
          "min" : 290386,
          "max" : 3676824,
          "mean" : 320701.204430,
          "stddev" : 17879.178448,
          "N" : 92917
        },
        "bw_min" : 3135488,
        "bw_max" : 3190784,
        "bw_agg" : 100.000000,
        "bw_mean" : 3174018.169492,
        "bw_dev" : 13767.188325,
        "bw_samples" : 59,
        "iops_min" : 3062,
        "iops_max" : 3116,
        "iops_mean" : 3099.627119,
        "iops_stddev" : 13.444520,
        "iops_samples" : 59
      },
      "write" : {
        "io_bytes" : 0,
        "io_kbytes" : 0,
        "bw_bytes" : 0,
        "bw" : 0,
        "iops" : 0.000000,
        "runtime" : 0,
        "total_ios" : 0,
        "short_ios" : 0,
        "drop_ios" : 0,
        "slat_ns" : {
          "min" : 0,
          "max" : 0,
          "mean" : 0.000000,
          "stddev" : 0.000000,
          "N" : 0
        },
        "clat_ns" : {
          "min" : 0,
          "max" : 0,
          "mean" : 0.000000,
          "stddev" : 0.000000,
          "N" : 0
        },
        "lat_ns" : {
          "min" : 0,
          "max" : 0,
          "mean" : 0.000000,
          "stddev" : 0.000000,
          "N" : 0
        },
        "bw_min" : 0,
        "bw_max" : 0,
        "bw_agg" : 0.000000,
        "bw_mean" : 0.000000,
        "bw_dev" : 0.000000,
        "bw_samples" : 0,
        "iops_min" : 0,
        "iops_max" : 0,
        "iops_mean" : 0.000000,
        "iops_stddev" : 0.000000,
        "iops_samples" : 0
      },
      "trim" : {
        "io_bytes" : 0,
        "io_kbytes" : 0,
        "bw_bytes" : 0,
        "bw" : 0,
        "iops" : 0.000000,
        "runtime" : 0,
        "total_ios" : 0,
        "short_ios" : 0,
        "drop_ios" : 0,
        "slat_ns" : {
          "min" : 0,
          "max" : 0,
          "mean" : 0.000000,
          "stddev" : 0.000000,
          "N" : 0
        },
        "clat_ns" : {
          "min" : 0,
          "max" : 0,
          "mean" : 0.000000,
          "stddev" : 0.000000,
          "N" : 0
        },
        "lat_ns" : {
          "min" : 0,
          "max" : 0,
          "mean" : 0.000000,
          "stddev" : 0.000000,
          "N" : 0
        },
        "bw_min" : 0,
        "bw_max" : 0,
        "bw_agg" : 0.000000,
        "bw_mean" : 0.000000,
        "bw_dev" : 0.000000,
        "bw_samples" : 0,
        "iops_min" : 0,
        "iops_max" : 0,
        "iops_mean" : 0.000000,
        "iops_stddev" : 0.000000,
        "iops_samples" : 0
      },
      "sync" : {
        "total_ios" : 0,
        "lat_ns" : {
          "min" : 0,
          "max" : 0,
          "mean" : 0.000000,
          "stddev" : 0.000000,
          "N" : 0
        }
      },
      "job_runtime" : 30000,
      "usr_cpu" : 0.086667,
      "sys_cpu" : 40.363333,
      "ctx" : 370564,
      "majf" : 0,
      "minf" : 264,
      "iodepth_level" : {
        "1" : 100.000000,
        "2" : 0.000000,
        "4" : 0.000000,
        "8" : 0.000000,
        "16" : 0.000000,
        "32" : 0.000000,
        ">=64" : 0.000000
      },
      "iodepth_submit" : {
        "0" : 0.000000,
        "4" : 100.000000,
        "8" : 0.000000,
        "16" : 0.000000,
        "32" : 0.000000,
        "64" : 0.000000,
        ">=64" : 0.000000
      },
      "iodepth_complete" : {
        "0" : 0.000000,
        "4" : 100.000000,
        "8" : 0.000000,
        "16" : 0.000000,
        "32" : 0.000000,
        "64" : 0.000000,
        ">=64" : 0.000000
      },
      "latency_ns" : {
        "2" : 0.000000,
        "4" : 0.000000,
        "10" : 0.000000,
        "20" : 0.000000,
        "50" : 0.000000,
        "100" : 0.000000,
        "250" : 0.000000,
        "500" : 0.000000,
        "750" : 0.000000,
        "1000" : 0.000000
      },
      "latency_us" : {
        "2" : 0.000000,
        "4" : 0.000000,
        "10" : 0.000000,
        "20" : 0.000000,
        "50" : 0.000000,
        "100" : 0.000000,
        "250" : 0.000000,
        "500" : 99.866548,
        "750" : 0.130224,
        "1000" : 0.000000
      },
      "latency_ms" : {
        "2" : 0.010000,
        "4" : 0.010000,
        "10" : 0.000000,
        "20" : 0.000000,
        "50" : 0.000000,
        "100" : 0.000000,
        "250" : 0.000000,
        "500" : 0.000000,
        "750" : 0.000000,
        "1000" : 0.000000,
        "2000" : 0.000000,
        ">=2000" : 0.000000
      },
      "latency_depth" : 1,
      "latency_target" : 0,
      "latency_percentile" : 100.000000,
      "latency_window" : 0
    }
  ],
  "disk_util" : [
    {
      "name" : "dm-0",
      "read_ios" : 370499,
      "write_ios" : 52,
      "read_sectors" : 189695488,
      "write_sectors" : 2464,
      "read_merges" : 0,
      "write_merges" : 0,
      "read_ticks" : 51800,
      "write_ticks" : 794,
      "in_queue" : 52594,
      "util" : 99.102825,
      "aggr_read_ios" : 743338,
      "aggr_write_ios" : 35,
      "aggr_read_sectors" : 190294528,
      "aggr_write_sectors" : 2464,
      "aggr_read_merges" : 0,
      "aggr_write_merge" : 24,
      "aggr_read_ticks" : 95065,
      "aggr_write_ticks" : 797,
      "aggr_in_queue" : 95864,
      "aggr_util" : 73.826775
    },
    {
      "name" : "nvme0n1",
      "read_ios" : 743338,
      "write_ios" : 35,
      "read_sectors" : 190294528,
      "write_sectors" : 2464,
      "read_merges" : 0,
      "write_merges" : 24,
      "read_ticks" : 95065,
      "write_ticks" : 797,
      "in_queue" : 95864,
      "util" : 73.826775
    }
  ]
}
