{
  "fio version" : "fio-3.41",
  "timestamp" : 1783656802,
  "timestamp_ms" : 1783656802297,
  "time" : "Fri Jul 10 13:13:22 2026",
  "jobs" : [
    {
      "jobname" : "seq_write",
      "groupid" : 0,
      "job_start" : 1783656772242,
      "error" : 0,
      "eta" : 0,
      "elapsed" : 31,
      "job options" : {
        "name" : "seq_write",
        "directory" : "/home/kitalab/benchmark/2026-07-10-13-11/storage",
        "rw" : "write",
        "bs" : "1M",
        "size" : "1G",
        "numjobs" : "1",
        "runtime" : "30",
        "time_based" : "",
        "group_reporting" : ""
      },
      "read" : {
        "io_bytes" : 0,
        "io_kbytes" : 0,
        "bw_bytes" : 0,
        "bw" : 0,
        "iops" : 0.000000,
        "runtime" : 0,
        "total_ios" : 0,
        "short_ios" : 0,
        "drop_ios" : 0,
        "slat_ns" : {
          "min" : 0,
          "max" : 0,
          "mean" : 0.000000,
          "stddev" : 0.000000,
          "N" : 0
        },
        "clat_ns" : {
          "min" : 0,
          "max" : 0,
          "mean" : 0.000000,
          "stddev" : 0.000000,
          "N" : 0
        },
        "lat_ns" : {
          "min" : 0,
          "max" : 0,
          "mean" : 0.000000,
          "stddev" : 0.000000,
          "N" : 0
        },
        "bw_min" : 0,
        "bw_max" : 0,
        "bw_agg" : 0.000000,
        "bw_mean" : 0.000000,
        "bw_dev" : 0.000000,
        "bw_samples" : 0,
        "iops_min" : 0,
        "iops_max" : 0,
        "iops_mean" : 0.000000,
        "iops_stddev" : 0.000000,
        "iops_samples" : 0
      },
      "write" : {
        "io_bytes" : 81605427200,
        "io_kbytes" : 79692800,
        "bw_bytes" : 2717734945,
        "bw" : 2654038,
        "iops" : 2591.834016,
        "runtime" : 30027,
        "total_ios" : 77825,
        "short_ios" : 0,
        "drop_ios" : 0,
        "slat_ns" : {
          "min" : 0,
          "max" : 0,
          "mean" : 0.000000,
          "stddev" : 0.000000,
          "N" : 0
        },
        "clat_ns" : {
          "min" : 70872,
          "max" : 12388489,
          "mean" : 103614.577257,
          "stddev" : 108327.284266,
          "N" : 77825,
          "percentile" : {
            "1.000000" : 76288,
            "5.000000" : 77312,
            "10.000000" : 78336,
            "20.000000" : 79360,
            "30.000000" : 80384,
            "40.000000" : 110080,
            "50.000000" : 112128,
            "60.000000" : 113152,
            "70.000000" : 114176,
            "80.000000" : 115200,
            "90.000000" : 117248,
            "95.000000" : 119296,
            "99.000000" : 132096,
            "99.500000" : 136192,
            "99.900000" : 179200,
            "99.950000" : 448512,
            "99.990000" : 4554752
          }
        },
        "lat_ns" : {
          "min" : 74122,
          "max" : 12393774,
          "mean" : 108408.970074,
          "stddev" : 110494.633618,
          "N" : 77825
        },
        "bw_min" : 2092966,
        "bw_max" : 4194304,
        "bw_agg" : 100.000000,
        "bw_mean" : 2665494.932203,
        "bw_dev" : 737086.320799,
        "bw_samples" : 59,
        "iops_min" : 2043,
        "iops_max" : 4096,
        "iops_mean" : 2602.983051,
        "iops_stddev" : 719.796223,
        "iops_samples" : 59
      },
      "trim" : {
        "io_bytes" : 0,
        "io_kbytes" : 0,
        "bw_bytes" : 0,
        "bw" : 0,
        "iops" : 0.000000,
        "runtime" : 0,
        "total_ios" : 0,
        "short_ios" : 0,
        "drop_ios" : 0,
        "slat_ns" : {
          "min" : 0,
          "max" : 0,
          "mean" : 0.000000,
          "stddev" : 0.000000,
          "N" : 0
        },
        "clat_ns" : {
          "min" : 0,
          "max" : 0,
          "mean" : 0.000000,
          "stddev" : 0.000000,
          "N" : 0
        },
        "lat_ns" : {
          "min" : 0,
          "max" : 0,
          "mean" : 0.000000,
          "stddev" : 0.000000,
          "N" : 0
        },
        "bw_min" : 0,
        "bw_max" : 0,
        "bw_agg" : 0.000000,
        "bw_mean" : 0.000000,
        "bw_dev" : 0.000000,
        "bw_samples" : 0,
        "iops_min" : 0,
        "iops_max" : 0,
        "iops_mean" : 0.000000,
        "iops_stddev" : 0.000000,
        "iops_samples" : 0
      },
      "sync" : {
        "total_ios" : 0,
        "lat_ns" : {
          "min" : 0,
          "max" : 0,
          "mean" : 0.000000,
          "stddev" : 0.000000,
          "N" : 0
        }
      },
      "job_runtime" : 30026,
      "usr_cpu" : 1.305535,
      "sys_cpu" : 34.280290,
      "ctx" : 2284,
      "majf" : 0,
      "minf" : 9,
      "iodepth_level" : {
        "1" : 100.000000,
        "2" : 0.000000,
        "4" : 0.000000,
        "8" : 0.000000,
        "16" : 0.000000,
        "32" : 0.000000,
        ">=64" : 0.000000
      },
      "iodepth_submit" : {
        "0" : 0.000000,
        "4" : 100.000000,
        "8" : 0.000000,
        "16" : 0.000000,
        "32" : 0.000000,
        "64" : 0.000000,
        ">=64" : 0.000000
      },
      "iodepth_complete" : {
        "0" : 0.000000,
        "4" : 100.000000,
        "8" : 0.000000,
        "16" : 0.000000,
        "32" : 0.000000,
        "64" : 0.000000,
        ">=64" : 0.000000
      },
      "latency_ns" : {
        "2" : 0.000000,
        "4" : 0.000000,
        "10" : 0.000000,
        "20" : 0.000000,
        "50" : 0.000000,
        "100" : 0.000000,
        "250" : 0.000000,
        "500" : 0.000000,
        "750" : 0.000000,
        "1000" : 0.000000
      },
      "latency_us" : {
        "2" : 0.000000,
        "4" : 0.000000,
        "10" : 0.000000,
        "20" : 0.000000,
        "50" : 0.000000,
        "100" : 37.980084,
        "250" : 61.947960,
        "500" : 0.025699,
        "750" : 0.010000,
        "1000" : 0.000000
      },
      "latency_ms" : {
        "2" : 0.000000,
        "4" : 0.010000,
        "10" : 0.039833,
        "20" : 0.010000,
        "50" : 0.000000,
        "100" : 0.000000,
        "250" : 0.000000,
        "500" : 0.000000,
        "750" : 0.000000,
        "1000" : 0.000000,
        "2000" : 0.000000,
        ">=2000" : 0.000000
      },
      "latency_depth" : 1,
      "latency_target" : 0,
      "latency_percentile" : 100.000000,
      "latency_window" : 0
    }
  ],
  "disk_util" : [
    {
      "name" : "dm-0",
      "read_ios" : 0,
      "write_ios" : 1080,
      "read_sectors" : 0,
      "write_sectors" : 157745576,
      "read_merges" : 0,
      "write_merges" : 0,
      "read_ticks" : 0,
      "write_ticks" : 25426,
      "in_queue" : 25426,
      "util" : 70.713379,
      "aggr_read_ios" : 0,
      "aggr_write_ios" : 622606,
      "aggr_read_sectors" : 0,
      "aggr_write_sectors" : 159383976,
      "aggr_read_merges" : 0,
      "aggr_write_merge" : 39,
      "aggr_read_ticks" : 0,
      "aggr_write_ticks" : 4322336,
      "aggr_in_queue" : 4322347,
      "aggr_util" : 68.580924
    },
    {
      "name" : "nvme0n1",
      "read_ios" : 0,
      "write_ios" : 622606,
      "read_sectors" : 0,
      "write_sectors" : 159383976,
      "read_merges" : 0,
      "write_merges" : 39,
      "read_ticks" : 0,
      "write_ticks" : 4322336,
      "in_queue" : 4322347,
      "util" : 68.580924
    }
  ]
}
