{
  "fio version" : "fio-3.41",
  "timestamp" : 1783656896,
  "timestamp_ms" : 1783656896859,
  "time" : "Fri Jul 10 13:14:56 2026",
  "jobs" : [
    {
      "jobname" : "rand_read",
      "groupid" : 0,
      "job_start" : 1783656866833,
      "error" : 0,
      "eta" : 0,
      "elapsed" : 31,
      "job options" : {
        "name" : "rand_read",
        "directory" : "/home/kitalab/benchmark/2026-07-10-13-11/storage",
        "rw" : "randread",
        "bs" : "4k",
        "size" : "1G",
        "numjobs" : "4",
        "iodepth" : "32",
        "runtime" : "30",
        "time_based" : "",
        "group_reporting" : ""
      },
      "read" : {
        "io_bytes" : 8173146112,
        "io_kbytes" : 7981588,
        "bw_bytes" : 272429122,
        "bw" : 266044,
        "iops" : 66511.016299,
        "runtime" : 30001,
        "total_ios" : 1995397,
        "short_ios" : 0,
        "drop_ios" : 0,
        "slat_ns" : {
          "min" : 0,
          "max" : 0,
          "mean" : 0.000000,
          "stddev" : 0.000000,
          "N" : 0
        },
        "clat_ns" : {
          "min" : 45204,
          "max" : 6097950,
          "mean" : 59659.822846,
          "stddev" : 14560.349065,
          "N" : 1995397,
          "percentile" : {
            "1.000000" : 54016,
            "5.000000" : 55040,
            "10.000000" : 55552,
            "20.000000" : 56064,
            "30.000000" : 56064,
            "40.000000" : 56576,
            "50.000000" : 56576,
            "60.000000" : 57088,
            "70.000000" : 57600,
            "80.000000" : 58624,
            "90.000000" : 66048,
            "95.000000" : 79360,
            "99.000000" : 93696,
            "99.500000" : 111104,
            "99.900000" : 179200,
            "99.950000" : 216064,
            "99.990000" : 391168
          }
        },
        "lat_ns" : {
          "min" : 45323,
          "max" : 6097984,
          "mean" : 59695.136104,
          "stddev" : 14561.942866,
          "N" : 1995397
        },
        "bw_min" : 220200,
        "bw_max" : 271488,
        "bw_agg" : 100.000000,
        "bw_mean" : 266282.711864,
        "bw_dev" : 1974.144557,
        "bw_samples" : 236,
        "iops_min" : 55050,
        "iops_max" : 67872,
        "iops_mean" : 66570.711864,
        "iops_stddev" : 493.538342,
        "iops_samples" : 236
      },
      "write" : {
        "io_bytes" : 0,
        "io_kbytes" : 0,
        "bw_bytes" : 0,
        "bw" : 0,
        "iops" : 0.000000,
        "runtime" : 0,
        "total_ios" : 0,
        "short_ios" : 0,
        "drop_ios" : 0,
        "slat_ns" : {
          "min" : 0,
          "max" : 0,
          "mean" : 0.000000,
          "stddev" : 0.000000,
          "N" : 0
        },
        "clat_ns" : {
          "min" : 0,
          "max" : 0,
          "mean" : 0.000000,
          "stddev" : 0.000000,
          "N" : 0
        },
        "lat_ns" : {
          "min" : 0,
          "max" : 0,
          "mean" : 0.000000,
          "stddev" : 0.000000,
          "N" : 0
        },
        "bw_min" : 0,
        "bw_max" : 0,
        "bw_agg" : 0.000000,
        "bw_mean" : 0.000000,
        "bw_dev" : 0.000000,
        "bw_samples" : 0,
        "iops_min" : 0,
        "iops_max" : 0,
        "iops_mean" : 0.000000,
        "iops_stddev" : 0.000000,
        "iops_samples" : 0
      },
      "trim" : {
        "io_bytes" : 0,
        "io_kbytes" : 0,
        "bw_bytes" : 0,
        "bw" : 0,
        "iops" : 0.000000,
        "runtime" : 0,
        "total_ios" : 0,
        "short_ios" : 0,
        "drop_ios" : 0,
        "slat_ns" : {
          "min" : 0,
          "max" : 0,
          "mean" : 0.000000,
          "stddev" : 0.000000,
          "N" : 0
        },
        "clat_ns" : {
          "min" : 0,
          "max" : 0,
          "mean" : 0.000000,
          "stddev" : 0.000000,
          "N" : 0
        },
        "lat_ns" : {
          "min" : 0,
          "max" : 0,
          "mean" : 0.000000,
          "stddev" : 0.000000,
          "N" : 0
        },
        "bw_min" : 0,
        "bw_max" : 0,
        "bw_agg" : 0.000000,
        "bw_mean" : 0.000000,
        "bw_dev" : 0.000000,
        "bw_samples" : 0,
        "iops_min" : 0,
        "iops_max" : 0,
        "iops_mean" : 0.000000,
        "iops_stddev" : 0.000000,
        "iops_samples" : 0
      },
      "sync" : {
        "total_ios" : 0,
        "lat_ns" : {
          "min" : 0,
          "max" : 0,
          "mean" : 0.000000,
          "stddev" : 0.000000,
          "N" : 0
        }
      },
      "job_runtime" : 120000,
      "usr_cpu" : 0.960833,
      "sys_cpu" : 7.043333,
      "ctx" : 1995418,
      "majf" : 0,
      "minf" : 43,
      "iodepth_level" : {
        "1" : 100.000000,
        "2" : 0.000000,
        "4" : 0.000000,
        "8" : 0.000000,
        "16" : 0.000000,
        "32" : 0.000000,
        ">=64" : 0.000000
      },
      "iodepth_submit" : {
        "0" : 0.000000,
        "4" : 100.000000,
        "8" : 0.000000,
        "16" : 0.000000,
        "32" : 0.000000,
        "64" : 0.000000,
        ">=64" : 0.000000
      },
      "iodepth_complete" : {
        "0" : 0.000000,
        "4" : 100.000000,
        "8" : 0.000000,
        "16" : 0.000000,
        "32" : 0.000000,
        "64" : 0.000000,
        ">=64" : 0.000000
      },
      "latency_ns" : {
        "2" : 0.000000,
        "4" : 0.000000,
        "10" : 0.000000,
        "20" : 0.000000,
        "50" : 0.000000,
        "100" : 0.000000,
        "250" : 0.000000,
        "500" : 0.000000,
        "750" : 0.000000,
        "1000" : 0.000000
      },
      "latency_us" : {
        "2" : 0.000000,
        "4" : 0.000000,
        "10" : 0.000000,
        "20" : 0.000000,
        "50" : 0.028967,
        "100" : 99.295729,
        "250" : 0.640424,
        "500" : 0.028766,
        "750" : 0.010000,
        "1000" : 0.010000
      },
      "latency_ms" : {
        "2" : 0.010000,
        "4" : 0.000000,
        "10" : 0.010000,
        "20" : 0.000000,
        "50" : 0.000000,
        "100" : 0.000000,
        "250" : 0.000000,
        "500" : 0.000000,
        "750" : 0.000000,
        "1000" : 0.000000,
        "2000" : 0.000000,
        ">=2000" : 0.000000
      },
      "latency_depth" : 32,
      "latency_target" : 0,
      "latency_percentile" : 100.000000,
      "latency_window" : 0
    }
  ],
  "disk_util" : [
    {
      "name" : "dm-0",
      "read_ios" : 1992269,
      "write_ios" : 3615,
      "read_sectors" : 15940936,
      "write_sectors" : 494592,
      "read_merges" : 0,
      "write_merges" : 0,
      "read_ticks" : 110955,
      "write_ticks" : 15384,
      "in_queue" : 126339,
      "util" : 99.530485,
      "aggr_read_ios" : 1995463,
      "aggr_write_ios" : 4664,
      "aggr_read_sectors" : 15966720,
      "aggr_write_sectors" : 494592,
      "aggr_read_merges" : 29,
      "aggr_write_merge" : 61,
      "aggr_read_ticks" : 111507,
      "aggr_write_ticks" : 15413,
      "aggr_in_queue" : 126922,
      "aggr_util" : 77.754519
    },
    {
      "name" : "nvme0n1",
      "read_ios" : 1995463,
      "write_ios" : 4664,
      "read_sectors" : 15966720,
      "write_sectors" : 494592,
      "read_merges" : 29,
      "write_merges" : 61,
      "read_ticks" : 111507,
      "write_ticks" : 15413,
      "in_queue" : 126922,
      "util" : 77.754519
    }
  ]
}
