{
  "fio version" : "fio-3.41",
  "timestamp" : 1784707299,
  "timestamp_ms" : 1784707299854,
  "time" : "Wed Jul 22 17:01:39 2026",
  "jobs" : [
    {
      "jobname" : "seq_write",
      "groupid" : 0,
      "job_start" : 1784707269457,
      "error" : 0,
      "eta" : 0,
      "elapsed" : 31,
      "job options" : {
        "name" : "seq_write",
        "directory" : "/home/kitalab/benchmark/2026-07-22-17-00/storage",
        "rw" : "write",
        "bs" : "1M",
        "size" : "1G",
        "numjobs" : "1",
        "runtime" : "30",
        "time_based" : "",
        "group_reporting" : ""
      },
      "read" : {
        "io_bytes" : 0,
        "io_kbytes" : 0,
        "bw_bytes" : 0,
        "bw" : 0,
        "iops" : 0.000000,
        "runtime" : 0,
        "total_ios" : 0,
        "short_ios" : 0,
        "drop_ios" : 0,
        "slat_ns" : {
          "min" : 0,
          "max" : 0,
          "mean" : 0.000000,
          "stddev" : 0.000000,
          "N" : 0
        },
        "clat_ns" : {
          "min" : 0,
          "max" : 0,
          "mean" : 0.000000,
          "stddev" : 0.000000,
          "N" : 0
        },
        "lat_ns" : {
          "min" : 0,
          "max" : 0,
          "mean" : 0.000000,
          "stddev" : 0.000000,
          "N" : 0
        },
        "bw_min" : 0,
        "bw_max" : 0,
        "bw_agg" : 0.000000,
        "bw_mean" : 0.000000,
        "bw_dev" : 0.000000,
        "bw_samples" : 0,
        "iops_min" : 0,
        "iops_max" : 0,
        "iops_mean" : 0.000000,
        "iops_stddev" : 0.000000,
        "iops_samples" : 0
      },
      "write" : {
        "io_bytes" : 78384201728,
        "io_kbytes" : 76547072,
        "bw_bytes" : 2588988034,
        "bw" : 2528308,
        "iops" : 2469.051394,
        "runtime" : 30276,
        "total_ios" : 74753,
        "short_ios" : 0,
        "drop_ios" : 0,
        "slat_ns" : {
          "min" : 0,
          "max" : 0,
          "mean" : 0.000000,
          "stddev" : 0.000000,
          "N" : 0
        },
        "clat_ns" : {
          "min" : 73746,
          "max" : 781469,
          "mean" : 116980.856474,
          "stddev" : 10604.459812,
          "N" : 74753,
          "percentile" : {
            "1.000000" : 83456,
            "5.000000" : 110080,
            "10.000000" : 111104,
            "20.000000" : 113152,
            "30.000000" : 114176,
            "40.000000" : 115200,
            "50.000000" : 116224,
            "60.000000" : 117248,
            "70.000000" : 118272,
            "80.000000" : 120320,
            "90.000000" : 123392,
            "95.000000" : 127488,
            "99.000000" : 140288,
            "99.500000" : 148480,
            "99.900000" : 173056,
            "99.950000" : 224256,
            "99.990000" : 610304
          }
        },
        "lat_ns" : {
          "min" : 77714,
          "max" : 787015,
          "mean" : 121763.977125,
          "stddev" : 11302.380709,
          "N" : 74753
        },
        "bw_min" : 2092966,
        "bw_max" : 3653632,
        "bw_agg" : 100.000000,
        "bw_mean" : 2551219.733333,
        "bw_dev" : 554635.063639,
        "bw_samples" : 60,
        "iops_min" : 2043,
        "iops_max" : 3566,
        "iops_mean" : 2491.383333,
        "iops_stddev" : 541.592006,
        "iops_samples" : 60
      },
      "trim" : {
        "io_bytes" : 0,
        "io_kbytes" : 0,
        "bw_bytes" : 0,
        "bw" : 0,
        "iops" : 0.000000,
        "runtime" : 0,
        "total_ios" : 0,
        "short_ios" : 0,
        "drop_ios" : 0,
        "slat_ns" : {
          "min" : 0,
          "max" : 0,
          "mean" : 0.000000,
          "stddev" : 0.000000,
          "N" : 0
        },
        "clat_ns" : {
          "min" : 0,
          "max" : 0,
          "mean" : 0.000000,
          "stddev" : 0.000000,
          "N" : 0
        },
        "lat_ns" : {
          "min" : 0,
          "max" : 0,
          "mean" : 0.000000,
          "stddev" : 0.000000,
          "N" : 0
        },
        "bw_min" : 0,
        "bw_max" : 0,
        "bw_agg" : 0.000000,
        "bw_mean" : 0.000000,
        "bw_dev" : 0.000000,
        "bw_samples" : 0,
        "iops_min" : 0,
        "iops_max" : 0,
        "iops_mean" : 0.000000,
        "iops_stddev" : 0.000000,
        "iops_samples" : 0
      },
      "sync" : {
        "total_ios" : 0,
        "lat_ns" : {
          "min" : 0,
          "max" : 0,
          "mean" : 0.000000,
          "stddev" : 0.000000,
          "N" : 0
        }
      },
      "job_runtime" : 30275,
      "usr_cpu" : 1.215524,
      "sys_cpu" : 38.830718,
      "ctx" : 2224,
      "majf" : 0,
      "minf" : 11,
      "iodepth_level" : {
        "1" : 100.000000,
        "2" : 0.000000,
        "4" : 0.000000,
        "8" : 0.000000,
        "16" : 0.000000,
        "32" : 0.000000,
        ">=64" : 0.000000
      },
      "iodepth_submit" : {
        "0" : 0.000000,
        "4" : 100.000000,
        "8" : 0.000000,
        "16" : 0.000000,
        "32" : 0.000000,
        "64" : 0.000000,
        ">=64" : 0.000000
      },
      "iodepth_complete" : {
        "0" : 0.000000,
        "4" : 100.000000,
        "8" : 0.000000,
        "16" : 0.000000,
        "32" : 0.000000,
        "64" : 0.000000,
        ">=64" : 0.000000
      },
      "latency_ns" : {
        "2" : 0.000000,
        "4" : 0.000000,
        "10" : 0.000000,
        "20" : 0.000000,
        "50" : 0.000000,
        "100" : 0.000000,
        "250" : 0.000000,
        "500" : 0.000000,
        "750" : 0.000000,
        "1000" : 0.000000
      },
      "latency_us" : {
        "2" : 0.000000,
        "4" : 0.000000,
        "10" : 0.000000,
        "20" : 0.000000,
        "50" : 0.000000,
        "100" : 1.253461,
        "250" : 98.705069,
        "500" : 0.029430,
        "750" : 0.010000,
        "1000" : 0.010000
      },
      "latency_ms" : {
        "2" : 0.000000,
        "4" : 0.000000,
        "10" : 0.000000,
        "20" : 0.000000,
        "50" : 0.000000,
        "100" : 0.000000,
        "250" : 0.000000,
        "500" : 0.000000,
        "750" : 0.000000,
        "1000" : 0.000000,
        "2000" : 0.000000,
        ">=2000" : 0.000000
      },
      "latency_depth" : 1,
      "latency_target" : 0,
      "latency_percentile" : 100.000000,
      "latency_window" : 0
    }
  ],
  "disk_util" : [
    {
      "name" : "dm-0",
      "read_ios" : 0,
      "write_ios" : 694,
      "read_sectors" : 0,
      "write_sectors" : 152158728,
      "read_merges" : 0,
      "write_merges" : 0,
      "read_ticks" : 0,
      "write_ticks" : 21797,
      "in_queue" : 21797,
      "util" : 68.257543,
      "aggr_read_ios" : 0,
      "aggr_write_ios" : 598042,
      "aggr_read_sectors" : 0,
      "aggr_write_sectors" : 153092616,
      "aggr_read_merges" : 0,
      "aggr_write_merge" : 39,
      "aggr_read_ticks" : 0,
      "aggr_write_ticks" : 4255464,
      "aggr_in_queue" : 4255470,
      "aggr_util" : 64.918757
    },
    {
      "name" : "nvme0n1",
      "read_ios" : 0,
      "write_ios" : 598042,
      "read_sectors" : 0,
      "write_sectors" : 153092616,
      "read_merges" : 0,
      "write_merges" : 39,
      "read_ticks" : 0,
      "write_ticks" : 4255464,
      "in_queue" : 4255470,
      "util" : 64.918757
    }
  ]
}
