{
  "fio version" : "fio-3.41",
  "timestamp" : 1784707361,
  "timestamp_ms" : 1784707361557,
  "time" : "Wed Jul 22 17:02:41 2026",
  "jobs" : [
    {
      "jobname" : "rand_write",
      "groupid" : 0,
      "job_start" : 1784707330912,
      "error" : 0,
      "eta" : 0,
      "elapsed" : 31,
      "job options" : {
        "name" : "rand_write",
        "directory" : "/home/kitalab/benchmark/2026-07-22-17-00/storage",
        "rw" : "randwrite",
        "bs" : "4k",
        "size" : "1G",
        "numjobs" : "4",
        "iodepth" : "32",
        "runtime" : "30",
        "time_based" : "",
        "group_reporting" : ""
      },
      "read" : {
        "io_bytes" : 0,
        "io_kbytes" : 0,
        "bw_bytes" : 0,
        "bw" : 0,
        "iops" : 0.000000,
        "runtime" : 0,
        "total_ios" : 0,
        "short_ios" : 0,
        "drop_ios" : 0,
        "slat_ns" : {
          "min" : 0,
          "max" : 0,
          "mean" : 0.000000,
          "stddev" : 0.000000,
          "N" : 0
        },
        "clat_ns" : {
          "min" : 0,
          "max" : 0,
          "mean" : 0.000000,
          "stddev" : 0.000000,
          "N" : 0
        },
        "lat_ns" : {
          "min" : 0,
          "max" : 0,
          "mean" : 0.000000,
          "stddev" : 0.000000,
          "N" : 0
        },
        "bw_min" : 0,
        "bw_max" : 0,
        "bw_agg" : 0.000000,
        "bw_mean" : 0.000000,
        "bw_dev" : 0.000000,
        "bw_samples" : 0,
        "iops_min" : 0,
        "iops_max" : 0,
        "iops_mean" : 0.000000,
        "iops_stddev" : 0.000000,
        "iops_samples" : 0
      },
      "write" : {
        "io_bytes" : 115031789568,
        "io_kbytes" : 112335732,
        "bw_bytes" : 3778099305,
        "bw" : 3689550,
        "iops" : 922387.525865,
        "runtime" : 30447,
        "total_ios" : 28083933,
        "short_ios" : 0,
        "drop_ios" : 0,
        "slat_ns" : {
          "min" : 0,
          "max" : 0,
          "mean" : 0.000000,
          "stddev" : 0.000000,
          "N" : 0
        },
        "clat_ns" : {
          "min" : 622,
          "max" : 98954256,
          "mean" : 1491.478646,
          "stddev" : 73800.837641,
          "N" : 28083933,
          "percentile" : {
            "1.000000" : 748,
            "5.000000" : 812,
            "10.000000" : 852,
            "20.000000" : 900,
            "30.000000" : 940,
            "40.000000" : 980,
            "50.000000" : 1020,
            "60.000000" : 1064,
            "70.000000" : 1112,
            "80.000000" : 1176,
            "90.000000" : 1304,
            "95.000000" : 1672,
            "99.000000" : 5024,
            "99.500000" : 6176,
            "99.900000" : 7904,
            "99.950000" : 30336,
            "99.990000" : 203776
          }
        },
        "lat_ns" : {
          "min" : 635,
          "max" : 98954271,
          "mean" : 1507.603279,
          "stddev" : 73800.841198,
          "N" : 28083933
        },
        "bw_min" : 168600,
        "bw_max" : 8388608,
        "bw_agg" : 100.000000,
        "bw_mean" : 4721607.323007,
        "bw_dev" : 631546.172385,
        "bw_samples" : 189,
        "iops_min" : 42150,
        "iops_max" : 2097152,
        "iops_mean" : 1180401.887674,
        "iops_stddev" : 157886.522793,
        "iops_samples" : 189
      },
      "trim" : {
        "io_bytes" : 0,
        "io_kbytes" : 0,
        "bw_bytes" : 0,
        "bw" : 0,
        "iops" : 0.000000,
        "runtime" : 0,
        "total_ios" : 0,
        "short_ios" : 0,
        "drop_ios" : 0,
        "slat_ns" : {
          "min" : 0,
          "max" : 0,
          "mean" : 0.000000,
          "stddev" : 0.000000,
          "N" : 0
        },
        "clat_ns" : {
          "min" : 0,
          "max" : 0,
          "mean" : 0.000000,
          "stddev" : 0.000000,
          "N" : 0
        },
        "lat_ns" : {
          "min" : 0,
          "max" : 0,
          "mean" : 0.000000,
          "stddev" : 0.000000,
          "N" : 0
        },
        "bw_min" : 0,
        "bw_max" : 0,
        "bw_agg" : 0.000000,
        "bw_mean" : 0.000000,
        "bw_dev" : 0.000000,
        "bw_samples" : 0,
        "iops_min" : 0,
        "iops_max" : 0,
        "iops_mean" : 0.000000,
        "iops_stddev" : 0.000000,
        "iops_samples" : 0
      },
      "sync" : {
        "total_ios" : 0,
        "lat_ns" : {
          "min" : 0,
          "max" : 0,
          "mean" : 0.000000,
          "stddev" : 0.000000,
          "N" : 0
        }
      },
      "job_runtime" : 120594,
      "usr_cpu" : 3.602998,
      "sys_cpu" : 48.878054,
      "ctx" : 483983,
      "majf" : 0,
      "minf" : 41,
      "iodepth_level" : {
        "1" : 100.000000,
        "2" : 0.000000,
        "4" : 0.000000,
        "8" : 0.000000,
        "16" : 0.000000,
        "32" : 0.000000,
        ">=64" : 0.000000
      },
      "iodepth_submit" : {
        "0" : 0.000000,
        "4" : 100.000000,
        "8" : 0.000000,
        "16" : 0.000000,
        "32" : 0.000000,
        "64" : 0.000000,
        ">=64" : 0.000000
      },
      "iodepth_complete" : {
        "0" : 0.000000,
        "4" : 100.000000,
        "8" : 0.000000,
        "16" : 0.000000,
        "32" : 0.000000,
        "64" : 0.000000,
        ">=64" : 0.000000
      },
      "latency_ns" : {
        "2" : 0.000000,
        "4" : 0.000000,
        "10" : 0.000000,
        "20" : 0.000000,
        "50" : 0.000000,
        "100" : 0.000000,
        "250" : 0.000000,
        "500" : 0.000000,
        "750" : 1.095954,
        "1000" : 44.591707
      },
      "latency_us" : {
        "2" : 49.772113,
        "4" : 3.279096,
        "10" : 1.203806,
        "20" : 0.010000,
        "50" : 0.010000,
        "100" : 0.019502,
        "250" : 0.022835,
        "500" : 0.010000,
        "750" : 0.000000,
        "1000" : 0.010000
      },
      "latency_ms" : {
        "2" : 0.000000,
        "4" : 0.010000,
        "10" : 0.010000,
        "20" : 0.010000,
        "50" : 0.010000,
        "100" : 0.010000,
        "250" : 0.000000,
        "500" : 0.000000,
        "750" : 0.000000,
        "1000" : 0.000000,
        "2000" : 0.000000,
        ">=2000" : 0.000000
      },
      "latency_depth" : 32,
      "latency_target" : 0,
      "latency_percentile" : 100.000000,
      "latency_window" : 0
    }
  ],
  "disk_util" : [
    {
      "name" : "dm-0",
      "read_ios" : 0,
      "write_ios" : 1515537,
      "read_sectors" : 0,
      "write_sectors" : 223716368,
      "read_merges" : 0,
      "write_merges" : 0,
      "read_ticks" : 0,
      "write_ticks" : 2529537,
      "in_queue" : 2529537,
      "util" : 97.686325,
      "aggr_read_ios" : 0,
      "aggr_write_ios" : 2119778,
      "aggr_read_sectors" : 0,
      "aggr_write_sectors" : 223716368,
      "aggr_read_merges" : 0,
      "aggr_write_merge" : 1069,
      "aggr_read_ticks" : 0,
      "aggr_write_ticks" : 15156536,
      "aggr_in_queue" : 15156544,
      "aggr_util" : 79.475425
    },
    {
      "name" : "nvme0n1",
      "read_ios" : 0,
      "write_ios" : 2119778,
      "read_sectors" : 0,
      "write_sectors" : 223716368,
      "read_merges" : 0,
      "write_merges" : 1069,
      "read_ticks" : 0,
      "write_ticks" : 15156536,
      "in_queue" : 15156544,
      "util" : 79.475425
    }
  ]
}
