{
  "fio version" : "fio-3.41",
  "timestamp" : 1784707330,
  "timestamp_ms" : 1784707330643,
  "time" : "Wed Jul 22 17:02:10 2026",
  "jobs" : [
    {
      "jobname" : "seq_read",
      "groupid" : 0,
      "job_start" : 1784707300617,
      "error" : 0,
      "eta" : 0,
      "elapsed" : 31,
      "job options" : {
        "name" : "seq_read",
        "directory" : "/home/kitalab/benchmark/2026-07-22-17-00/storage",
        "rw" : "read",
        "bs" : "1M",
        "size" : "1G",
        "numjobs" : "1",
        "runtime" : "30",
        "time_based" : "",
        "group_reporting" : ""
      },
      "read" : {
        "io_bytes" : 97503936512,
        "io_kbytes" : 95218688,
        "bw_bytes" : 3250022882,
        "bw" : 3173850,
        "iops" : 3099.463351,
        "runtime" : 30001,
        "total_ios" : 92987,
        "short_ios" : 0,
        "drop_ios" : 0,
        "slat_ns" : {
          "min" : 0,
          "max" : 0,
          "mean" : 0.000000,
          "stddev" : 0.000000,
          "N" : 0
        },
        "clat_ns" : {
          "min" : 292717,
          "max" : 3768911,
          "mean" : 319896.090927,
          "stddev" : 16957.859215,
          "N" : 92987,
          "percentile" : {
            "1.000000" : 296960,
            "5.000000" : 305152,
            "10.000000" : 313344,
            "20.000000" : 317440,
            "30.000000" : 317440,
            "40.000000" : 317440,
            "50.000000" : 321536,
            "60.000000" : 321536,
            "70.000000" : 321536,
            "80.000000" : 321536,
            "90.000000" : 325632,
            "95.000000" : 329728,
            "99.000000" : 337920,
            "99.500000" : 346112,
            "99.900000" : 577536,
            "99.950000" : 585728,
            "99.990000" : 593920
          }
        },
        "lat_ns" : {
          "min" : 292746,
          "max" : 3770055,
          "mean" : 319925.534139,
          "stddev" : 16962.990226,
          "N" : 92987
        },
        "bw_min" : 3147776,
        "bw_max" : 3192832,
        "bw_agg" : 100.000000,
        "bw_mean" : 3176378.576271,
        "bw_dev" : 10742.940605,
        "bw_samples" : 59,
        "iops_min" : 3074,
        "iops_max" : 3118,
        "iops_mean" : 3101.932203,
        "iops_stddev" : 10.491153,
        "iops_samples" : 59
      },
      "write" : {
        "io_bytes" : 0,
        "io_kbytes" : 0,
        "bw_bytes" : 0,
        "bw" : 0,
        "iops" : 0.000000,
        "runtime" : 0,
        "total_ios" : 0,
        "short_ios" : 0,
        "drop_ios" : 0,
        "slat_ns" : {
          "min" : 0,
          "max" : 0,
          "mean" : 0.000000,
          "stddev" : 0.000000,
          "N" : 0
        },
        "clat_ns" : {
          "min" : 0,
          "max" : 0,
          "mean" : 0.000000,
          "stddev" : 0.000000,
          "N" : 0
        },
        "lat_ns" : {
          "min" : 0,
          "max" : 0,
          "mean" : 0.000000,
          "stddev" : 0.000000,
          "N" : 0
        },
        "bw_min" : 0,
        "bw_max" : 0,
        "bw_agg" : 0.000000,
        "bw_mean" : 0.000000,
        "bw_dev" : 0.000000,
        "bw_samples" : 0,
        "iops_min" : 0,
        "iops_max" : 0,
        "iops_mean" : 0.000000,
        "iops_stddev" : 0.000000,
        "iops_samples" : 0
      },
      "trim" : {
        "io_bytes" : 0,
        "io_kbytes" : 0,
        "bw_bytes" : 0,
        "bw" : 0,
        "iops" : 0.000000,
        "runtime" : 0,
        "total_ios" : 0,
        "short_ios" : 0,
        "drop_ios" : 0,
        "slat_ns" : {
          "min" : 0,
          "max" : 0,
          "mean" : 0.000000,
          "stddev" : 0.000000,
          "N" : 0
        },
        "clat_ns" : {
          "min" : 0,
          "max" : 0,
          "mean" : 0.000000,
          "stddev" : 0.000000,
          "N" : 0
        },
        "lat_ns" : {
          "min" : 0,
          "max" : 0,
          "mean" : 0.000000,
          "stddev" : 0.000000,
          "N" : 0
        },
        "bw_min" : 0,
        "bw_max" : 0,
        "bw_agg" : 0.000000,
        "bw_mean" : 0.000000,
        "bw_dev" : 0.000000,
        "bw_samples" : 0,
        "iops_min" : 0,
        "iops_max" : 0,
        "iops_mean" : 0.000000,
        "iops_stddev" : 0.000000,
        "iops_samples" : 0
      },
      "sync" : {
        "total_ios" : 0,
        "lat_ns" : {
          "min" : 0,
          "max" : 0,
          "mean" : 0.000000,
          "stddev" : 0.000000,
          "N" : 0
        }
      },
      "job_runtime" : 30000,
      "usr_cpu" : 0.106667,
      "sys_cpu" : 41.116667,
      "ctx" : 371372,
      "majf" : 0,
      "minf" : 266,
      "iodepth_level" : {
        "1" : 100.000000,
        "2" : 0.000000,
        "4" : 0.000000,
        "8" : 0.000000,
        "16" : 0.000000,
        "32" : 0.000000,
        ">=64" : 0.000000
      },
      "iodepth_submit" : {
        "0" : 0.000000,
        "4" : 100.000000,
        "8" : 0.000000,
        "16" : 0.000000,
        "32" : 0.000000,
        "64" : 0.000000,
        ">=64" : 0.000000
      },
      "iodepth_complete" : {
        "0" : 0.000000,
        "4" : 100.000000,
        "8" : 0.000000,
        "16" : 0.000000,
        "32" : 0.000000,
        "64" : 0.000000,
        ">=64" : 0.000000
      },
      "latency_ns" : {
        "2" : 0.000000,
        "4" : 0.000000,
        "10" : 0.000000,
        "20" : 0.000000,
        "50" : 0.000000,
        "100" : 0.000000,
        "250" : 0.000000,
        "500" : 0.000000,
        "750" : 0.000000,
        "1000" : 0.000000
      },
      "latency_us" : {
        "2" : 0.000000,
        "4" : 0.000000,
        "10" : 0.000000,
        "20" : 0.000000,
        "50" : 0.000000,
        "100" : 0.000000,
        "250" : 0.000000,
        "500" : 99.877402,
        "750" : 0.119372,
        "1000" : 0.010000
      },
      "latency_ms" : {
        "2" : 0.010000,
        "4" : 0.010000,
        "10" : 0.000000,
        "20" : 0.000000,
        "50" : 0.000000,
        "100" : 0.000000,
        "250" : 0.000000,
        "500" : 0.000000,
        "750" : 0.000000,
        "1000" : 0.000000,
        "2000" : 0.000000,
        ">=2000" : 0.000000
      },
      "latency_depth" : 1,
      "latency_target" : 0,
      "latency_percentile" : 100.000000,
      "latency_window" : 0
    }
  ],
  "disk_util" : [
    {
      "name" : "dm-0",
      "read_ios" : 370693,
      "write_ios" : 27,
      "read_sectors" : 189794816,
      "write_sectors" : 2256,
      "read_merges" : 0,
      "write_merges" : 0,
      "read_ticks" : 51014,
      "write_ticks" : 557,
      "in_queue" : 51571,
      "util" : 98.932479,
      "aggr_read_ios" : 743898,
      "aggr_write_ios" : 22,
      "aggr_read_sectors" : 190437888,
      "aggr_write_sectors" : 2256,
      "aggr_read_merges" : 0,
      "aggr_write_merge" : 12,
      "aggr_read_ticks" : 94780,
      "aggr_write_ticks" : 561,
      "aggr_in_queue" : 95342,
      "aggr_util" : 71.319839
    },
    {
      "name" : "nvme0n1",
      "read_ios" : 743898,
      "write_ios" : 22,
      "read_sectors" : 190437888,
      "write_sectors" : 2256,
      "read_merges" : 0,
      "write_merges" : 12,
      "read_ticks" : 94780,
      "write_ticks" : 561,
      "in_queue" : 95342,
      "util" : 71.319839
    }
  ]
}
