{
  "fio version" : "fio-3.41",
  "timestamp" : 1784707394,
  "timestamp_ms" : 1784707394560,
  "time" : "Wed Jul 22 17:03:14 2026",
  "jobs" : [
    {
      "jobname" : "rand_read",
      "groupid" : 0,
      "job_start" : 1784707364524,
      "error" : 0,
      "eta" : 0,
      "elapsed" : 31,
      "job options" : {
        "name" : "rand_read",
        "directory" : "/home/kitalab/benchmark/2026-07-22-17-00/storage",
        "rw" : "randread",
        "bs" : "4k",
        "size" : "1G",
        "numjobs" : "4",
        "iodepth" : "32",
        "runtime" : "30",
        "time_based" : "",
        "group_reporting" : ""
      },
      "read" : {
        "io_bytes" : 8205770752,
        "io_kbytes" : 8013448,
        "bw_bytes" : 273516574,
        "bw" : 267106,
        "iops" : 66776.507450,
        "runtime" : 30001,
        "total_ios" : 2003362,
        "short_ios" : 0,
        "drop_ios" : 0,
        "slat_ns" : {
          "min" : 0,
          "max" : 0,
          "mean" : 0.000000,
          "stddev" : 0.000000,
          "N" : 0
        },
        "clat_ns" : {
          "min" : 44648,
          "max" : 1804059,
          "mean" : 59473.283976,
          "stddev" : 11218.320505,
          "N" : 2003362,
          "percentile" : {
            "1.000000" : 53504,
            "5.000000" : 54528,
            "10.000000" : 55040,
            "20.000000" : 55552,
            "30.000000" : 56064,
            "40.000000" : 56064,
            "50.000000" : 56576,
            "60.000000" : 57088,
            "70.000000" : 57600,
            "80.000000" : 58112,
            "90.000000" : 66048,
            "95.000000" : 79360,
            "99.000000" : 93696,
            "99.500000" : 113152,
            "99.900000" : 183296,
            "99.950000" : 214016,
            "99.990000" : 292864
          }
        },
        "lat_ns" : {
          "min" : 44659,
          "max" : 1805304,
          "mean" : 59503.412962,
          "stddev" : 11220.989128,
          "N" : 2003362
        },
        "bw_min" : 229496,
        "bw_max" : 272128,
        "bw_agg" : 100.000000,
        "bw_mean" : 267422.372881,
        "bw_dev" : 1556.117479,
        "bw_samples" : 236,
        "iops_min" : 57374,
        "iops_max" : 68032,
        "iops_mean" : 66855.593220,
        "iops_stddev" : 389.029370,
        "iops_samples" : 236
      },
      "write" : {
        "io_bytes" : 0,
        "io_kbytes" : 0,
        "bw_bytes" : 0,
        "bw" : 0,
        "iops" : 0.000000,
        "runtime" : 0,
        "total_ios" : 0,
        "short_ios" : 0,
        "drop_ios" : 0,
        "slat_ns" : {
          "min" : 0,
          "max" : 0,
          "mean" : 0.000000,
          "stddev" : 0.000000,
          "N" : 0
        },
        "clat_ns" : {
          "min" : 0,
          "max" : 0,
          "mean" : 0.000000,
          "stddev" : 0.000000,
          "N" : 0
        },
        "lat_ns" : {
          "min" : 0,
          "max" : 0,
          "mean" : 0.000000,
          "stddev" : 0.000000,
          "N" : 0
        },
        "bw_min" : 0,
        "bw_max" : 0,
        "bw_agg" : 0.000000,
        "bw_mean" : 0.000000,
        "bw_dev" : 0.000000,
        "bw_samples" : 0,
        "iops_min" : 0,
        "iops_max" : 0,
        "iops_mean" : 0.000000,
        "iops_stddev" : 0.000000,
        "iops_samples" : 0
      },
      "trim" : {
        "io_bytes" : 0,
        "io_kbytes" : 0,
        "bw_bytes" : 0,
        "bw" : 0,
        "iops" : 0.000000,
        "runtime" : 0,
        "total_ios" : 0,
        "short_ios" : 0,
        "drop_ios" : 0,
        "slat_ns" : {
          "min" : 0,
          "max" : 0,
          "mean" : 0.000000,
          "stddev" : 0.000000,
          "N" : 0
        },
        "clat_ns" : {
          "min" : 0,
          "max" : 0,
          "mean" : 0.000000,
          "stddev" : 0.000000,
          "N" : 0
        },
        "lat_ns" : {
          "min" : 0,
          "max" : 0,
          "mean" : 0.000000,
          "stddev" : 0.000000,
          "N" : 0
        },
        "bw_min" : 0,
        "bw_max" : 0,
        "bw_agg" : 0.000000,
        "bw_mean" : 0.000000,
        "bw_dev" : 0.000000,
        "bw_samples" : 0,
        "iops_min" : 0,
        "iops_max" : 0,
        "iops_mean" : 0.000000,
        "iops_stddev" : 0.000000,
        "iops_samples" : 0
      },
      "sync" : {
        "total_ios" : 0,
        "lat_ns" : {
          "min" : 0,
          "max" : 0,
          "mean" : 0.000000,
          "stddev" : 0.000000,
          "N" : 0
        }
      },
      "job_runtime" : 120000,
      "usr_cpu" : 0.889167,
      "sys_cpu" : 6.677500,
      "ctx" : 2003394,
      "majf" : 0,
      "minf" : 41,
      "iodepth_level" : {
        "1" : 100.000000,
        "2" : 0.000000,
        "4" : 0.000000,
        "8" : 0.000000,
        "16" : 0.000000,
        "32" : 0.000000,
        ">=64" : 0.000000
      },
      "iodepth_submit" : {
        "0" : 0.000000,
        "4" : 100.000000,
        "8" : 0.000000,
        "16" : 0.000000,
        "32" : 0.000000,
        "64" : 0.000000,
        ">=64" : 0.000000
      },
      "iodepth_complete" : {
        "0" : 0.000000,
        "4" : 100.000000,
        "8" : 0.000000,
        "16" : 0.000000,
        "32" : 0.000000,
        "64" : 0.000000,
        ">=64" : 0.000000
      },
      "latency_ns" : {
        "2" : 0.000000,
        "4" : 0.000000,
        "10" : 0.000000,
        "20" : 0.000000,
        "50" : 0.000000,
        "100" : 0.000000,
        "250" : 0.000000,
        "500" : 0.000000,
        "750" : 0.000000,
        "1000" : 0.000000
      },
      "latency_us" : {
        "2" : 0.000000,
        "4" : 0.000000,
        "10" : 0.000000,
        "20" : 0.000000,
        "50" : 0.026356,
        "100" : 99.229795,
        "250" : 0.718991,
        "500" : 0.024010,
        "750" : 0.010000,
        "1000" : 0.010000
      },
      "latency_ms" : {
        "2" : 0.010000,
        "4" : 0.000000,
        "10" : 0.000000,
        "20" : 0.000000,
        "50" : 0.000000,
        "100" : 0.000000,
        "250" : 0.000000,
        "500" : 0.000000,
        "750" : 0.000000,
        "1000" : 0.000000,
        "2000" : 0.000000,
        ">=2000" : 0.000000
      },
      "latency_depth" : 32,
      "latency_target" : 0,
      "latency_percentile" : 100.000000,
      "latency_window" : 0
    }
  ],
  "disk_util" : [
    {
      "name" : "dm-0",
      "read_ios" : 1999741,
      "write_ios" : 4383,
      "read_sectors" : 15997928,
      "write_sectors" : 246064,
      "read_merges" : 0,
      "write_merges" : 0,
      "read_ticks" : 111093,
      "write_ticks" : 4390,
      "in_queue" : 115483,
      "util" : 99.773439,
      "aggr_read_ios" : 2003362,
      "aggr_write_ios" : 4574,
      "aggr_read_sectors" : 16026896,
      "aggr_write_sectors" : 246064,
      "aggr_read_merges" : 0,
      "aggr_write_merge" : 33,
      "aggr_read_ticks" : 111962,
      "aggr_write_ticks" : 4394,
      "aggr_in_queue" : 116358,
      "aggr_util" : 78.014892
    },
    {
      "name" : "nvme0n1",
      "read_ios" : 2003362,
      "write_ios" : 4574,
      "read_sectors" : 16026896,
      "write_sectors" : 246064,
      "read_merges" : 0,
      "write_merges" : 33,
      "read_ticks" : 111962,
      "write_ticks" : 4394,
      "in_queue" : 116358,
      "util" : 78.014892
    }
  ]
}
