{
	"start":	{
		"connected":	[{
				"socket":	5,
				"local_host":	"192.168.50.208",
				"local_port":	42635,
				"remote_host":	"192.168.50.65",
				"remote_port":	5201
			}],
		"version":	"iperf 3.20",
		"system_info":	"Linux kitalab 7.0.0-27-generic #27-Ubuntu SMP PREEMPT_DYNAMIC Thu Jun 18 19:13:49 UTC 2026 x86_64",
		"timestamp":	{
			"time":	"Fri, 10 Jul 2026 05:31:12 GMT",
			"timesecs":	1783661472,
			"timemillisecs":	1783661472742
		},
		"connecting_to":	{
			"host":	"192.168.50.65",
			"port":	5201
		},
		"cookie":	"rtp2rgnv6g6mgpfpvmcps46mvmenl5bi2bve",
		"target_bitrate":	1000000000,
		"fq_rate":	0,
		"sock_bufsize":	0,
		"sndbuf_actual":	212992,
		"rcvbuf_actual":	212992,
		"test_start":	{
			"protocol":	"UDP",
			"num_streams":	1,
			"blksize":	1448,
			"omit":	0,
			"duration":	30,
			"bytes":	0,
			"blocks":	0,
			"reverse":	0,
			"tos":	0,
			"target_bitrate":	1000000000,
			"bidir":	0,
			"fqrate":	0,
			"interval":	1
		}
	},
	"intervals":	[{
			"streams":	[{
					"socket":	5,
					"start":	0,
					"end":	1.000863,
					"seconds":	1.0008629560470581,
					"bytes":	71435632,
					"bits_per_second":	570992314.72918069,
					"packets":	49335,
					"omitted":	false,
					"sender":	true
				}],
			"sum":	{
				"start":	0,
				"end":	1.000863,
				"seconds":	1.0008629560470581,
				"bytes":	71435632,
				"bits_per_second":	570992314.72918069,
				"packets":	49335,
				"omitted":	false,
				"sender":	true
			}
		}, {
			"streams":	[{
					"socket":	5,
					"start":	1.000863,
					"end":	2.000981,
					"seconds":	1.0001180171966553,
					"bytes":	70340944,
					"bits_per_second":	562661148.30860972,
					"packets":	48578,
					"omitted":	false,
					"sender":	true
				}],
			"sum":	{
				"start":	1.000863,
				"end":	2.000981,
				"seconds":	1.0001180171966553,
				"bytes":	70340944,
				"bits_per_second":	562661148.30860972,
				"packets":	48578,
				"omitted":	false,
				"sender":	true
			}
		}, {
			"streams":	[{
					"socket":	5,
					"start":	2.000981,
					"end":	3.000889,
					"seconds":	0.9999079704284668,
					"bytes":	69706720,
					"bits_per_second":	557705085.36004758,
					"packets":	48140,
					"omitted":	false,
					"sender":	true
				}],
			"sum":	{
				"start":	2.000981,
				"end":	3.000889,
				"seconds":	0.9999079704284668,
				"bytes":	69706720,
				"bits_per_second":	557705085.36004758,
				"packets":	48140,
				"omitted":	false,
				"sender":	true
			}
		}, {
			"streams":	[{
					"socket":	5,
					"start":	3.000889,
					"end":	4.000863,
					"seconds":	0.999974012374878,
					"bytes":	68790136,
					"bits_per_second":	550335389.90980434,
					"packets":	47507,
					"omitted":	false,
					"sender":	true
				}],
			"sum":	{
				"start":	3.000889,
				"end":	4.000863,
				"seconds":	0.999974012374878,
				"bytes":	68790136,
				"bits_per_second":	550335389.90980434,
				"packets":	47507,
				"omitted":	false,
				"sender":	true
			}
		}, {
			"streams":	[{
					"socket":	5,
					"start":	4.000863,
					"end":	5.000864,
					"seconds":	1.0000009536743164,
					"bytes":	69110144,
					"bits_per_second":	552880624.731948,
					"packets":	47728,
					"omitted":	false,
					"sender":	true
				}],
			"sum":	{
				"start":	4.000863,
				"end":	5.000864,
				"seconds":	1.0000009536743164,
				"bytes":	69110144,
				"bits_per_second":	552880624.731948,
				"packets":	47728,
				"omitted":	false,
				"sender":	true
			}
		}, {
			"streams":	[{
					"socket":	5,
					"start":	5.000864,
					"end":	6.000971,
					"seconds":	1.0001070499420166,
					"bytes":	68223968,
					"bits_per_second":	545733323.2793864,
					"packets":	47116,
					"omitted":	false,
					"sender":	true
				}],
			"sum":	{
				"start":	5.000864,
				"end":	6.000971,
				"seconds":	1.0001070499420166,
				"bytes":	68223968,
				"bits_per_second":	545733323.2793864,
				"packets":	47116,
				"omitted":	false,
				"sender":	true
			}
		}, {
			"streams":	[{
					"socket":	5,
					"start":	6.000971,
					"end":	7.001081,
					"seconds":	1.0001100301742554,
					"bytes":	66990272,
					"bits_per_second":	535863214.87709,
					"packets":	46264,
					"omitted":	false,
					"sender":	true
				}],
			"sum":	{
				"start":	6.000971,
				"end":	7.001081,
				"seconds":	1.0001100301742554,
				"bytes":	66990272,
				"bits_per_second":	535863214.87709,
				"packets":	46264,
				"omitted":	false,
				"sender":	true
			}
		}, {
			"streams":	[{
					"socket":	5,
					"start":	7.001081,
					"end":	8.001086,
					"seconds":	1.0000050067901611,
					"bytes":	68381800,
					"bits_per_second":	547051661.027126,
					"packets":	47225,
					"omitted":	false,
					"sender":	true
				}],
			"sum":	{
				"start":	7.001081,
				"end":	8.001086,
				"seconds":	1.0000050067901611,
				"bytes":	68381800,
				"bits_per_second":	547051661.027126,
				"packets":	47225,
				"omitted":	false,
				"sender":	true
			}
		}, {
			"streams":	[{
					"socket":	5,
					"start":	8.001086,
					"end":	9.001084,
					"seconds":	0.99999797344207764,
					"bytes":	70643576,
					"bits_per_second":	565149753.30871,
					"packets":	48787,
					"omitted":	false,
					"sender":	true
				}],
			"sum":	{
				"start":	8.001086,
				"end":	9.001084,
				"seconds":	0.99999797344207764,
				"bytes":	70643576,
				"bits_per_second":	565149753.30871,
				"packets":	48787,
				"omitted":	false,
				"sender":	true
			}
		}, {
			"streams":	[{
					"socket":	5,
					"start":	9.001084,
					"end":	10.001085,
					"seconds":	1.0000009536743164,
					"bytes":	61219992,
					"bits_per_second":	489759468.92897326,
					"packets":	42279,
					"omitted":	false,
					"sender":	true
				}],
			"sum":	{
				"start":	9.001084,
				"end":	10.001085,
				"seconds":	1.0000009536743164,
				"bytes":	61219992,
				"bits_per_second":	489759468.92897326,
				"packets":	42279,
				"omitted":	false,
				"sender":	true
			}
		}, {
			"streams":	[{
					"socket":	5,
					"start":	10.001085,
					"end":	11.001098,
					"seconds":	1.000012993812561,
					"bytes":	65869520,
					"bits_per_second":	526949312.91939878,
					"packets":	45490,
					"omitted":	false,
					"sender":	true
				}],
			"sum":	{
				"start":	10.001085,
				"end":	11.001098,
				"seconds":	1.000012993812561,
				"bytes":	65869520,
				"bits_per_second":	526949312.91939878,
				"packets":	45490,
				"omitted":	false,
				"sender":	true
			}
		}, {
			"streams":	[{
					"socket":	5,
					"start":	11.001098,
					"end":	12.001081,
					"seconds":	0.999983012676239,
					"bytes":	66729632,
					"bits_per_second":	533846124.61695743,
					"packets":	46084,
					"omitted":	false,
					"sender":	true
				}],
			"sum":	{
				"start":	11.001098,
				"end":	12.001081,
				"seconds":	0.999983012676239,
				"bytes":	66729632,
				"bits_per_second":	533846124.61695743,
				"packets":	46084,
				"omitted":	false,
				"sender":	true
			}
		}, {
			"streams":	[{
					"socket":	5,
					"start":	12.001081,
					"end":	13.001134,
					"seconds":	1.00005304813385,
					"bytes":	66386456,
					"bits_per_second":	531063476.07363832,
					"packets":	45847,
					"omitted":	false,
					"sender":	true
				}],
			"sum":	{
				"start":	12.001081,
				"end":	13.001134,
				"seconds":	1.00005304813385,
				"bytes":	66386456,
				"bits_per_second":	531063476.07363832,
				"packets":	45847,
				"omitted":	false,
				"sender":	true
			}
		}, {
			"streams":	[{
					"socket":	5,
					"start":	13.001134,
					"end":	14.000862,
					"seconds":	0.99972802400589,
					"bytes":	69952880,
					"bits_per_second":	559775285.43973577,
					"packets":	48310,
					"omitted":	false,
					"sender":	true
				}],
			"sum":	{
				"start":	13.001134,
				"end":	14.000862,
				"seconds":	0.99972802400589,
				"bytes":	69952880,
				"bits_per_second":	559775285.43973577,
				"packets":	48310,
				"omitted":	false,
				"sender":	true
			}
		}, {
			"streams":	[{
					"socket":	5,
					"start":	14.000862,
					"end":	15.001051,
					"seconds":	1.000188946723938,
					"bytes":	68827784,