{
	"start":	{
		"connected":	[{
				"socket":	5,
				"local_host":	"192.168.50.13",
				"local_port":	41095,
				"remote_host":	"192.168.50.65",
				"remote_port":	5201
			}],
		"version":	"iperf 3.20",
		"system_info":	"Linux kitalab 7.0.0-27-generic #27-Ubuntu SMP PREEMPT_DYNAMIC Thu Jun 18 19:13:49 UTC 2026 x86_64",
		"timestamp":	{
			"time":	"Wed, 15 Jul 2026 04:25:16 GMT",
			"timesecs":	1784089516,
			"timemillisecs":	1784089516446
		},
		"connecting_to":	{
			"host":	"192.168.50.65",
			"port":	5201
		},
		"cookie":	"slcmlshx5cl6hs4q6v56liwkfhskq36cbnbi",
		"target_bitrate":	1000000000,
		"fq_rate":	0,
		"sock_bufsize":	0,
		"sndbuf_actual":	212992,
		"rcvbuf_actual":	212992,
		"test_start":	{
			"protocol":	"UDP",
			"num_streams":	1,
			"blksize":	1448,
			"omit":	0,
			"duration":	30,
			"bytes":	0,
			"blocks":	0,
			"reverse":	0,
			"tos":	0,
			"target_bitrate":	1000000000,
			"bidir":	0,
			"fqrate":	0,
			"interval":	1
		}
	},
	"intervals":	[{
			"streams":	[{
					"socket":	5,
					"start":	0,
					"end":	1.00109,
					"seconds":	1.0010900497436523,
					"bytes":	119824896,
					"bits_per_second":	957555384.99805,
					"packets":	82753,
					"omitted":	false,
					"sender":	true
				}],
			"sum":	{
				"start":	0,
				"end":	1.00109,
				"seconds":	1.0010900497436523,
				"bytes":	119824896,
				"bits_per_second":	957555384.99805,
				"packets":	82753,
				"omitted":	false,
				"sender":	true
			}
		}, {
			"streams":	[{
					"socket":	5,
					"start":	1.00109,
					"end":	2.001096,
					"seconds":	1.0000059604644775,
					"bytes":	119549776,
					"bits_per_second":	956392507.4564327,
					"packets":	82562,
					"omitted":	false,
					"sender":	true
				}],
			"sum":	{
				"start":	1.00109,
				"end":	2.001096,
				"seconds":	1.0000059604644775,
				"bytes":	119549776,
				"bits_per_second":	956392507.4564327,
				"packets":	82562,
				"omitted":	false,
				"sender":	true
			}
		}, {
			"streams":	[{
					"socket":	5,
					"start":	2.001096,
					"end":	3.001091,
					"seconds":	0.999994993209839,
					"bytes":	119519368,
					"bits_per_second":	956159731.291135,
					"packets":	82541,
					"omitted":	false,
					"sender":	true
				}],
			"sum":	{
				"start":	2.001096,
				"end":	3.001091,
				"seconds":	0.999994993209839,
				"bytes":	119519368,
				"bits_per_second":	956159731.291135,
				"packets":	82541,
				"omitted":	false,
				"sender":	true
			}
		}, {
			"streams":	[{
					"socket":	5,
					"start":	3.001091,
					"end":	4.001087,
					"seconds":	0.9999960064888,
					"bytes":	119570048,
					"bits_per_second":	956564204.04986238,
					"packets":	82576,
					"omitted":	false,
					"sender":	true
				}],
			"sum":	{
				"start":	3.001091,
				"end":	4.001087,
				"seconds":	0.9999960064888,
				"bytes":	119570048,
				"bits_per_second":	956564204.04986238,
				"packets":	82576,
				"omitted":	false,
				"sender":	true
			}
		}, {
			"streams":	[{
					"socket":	5,
					"start":	4.001087,
					"end":	5.0011,
					"seconds":	1.000012993812561,
					"bytes":	119552672,
					"bits_per_second":	956408948.60139,
					"packets":	82564,
					"omitted":	false,
					"sender":	true
				}],
			"sum":	{
				"start":	4.001087,
				"end":	5.0011,
				"seconds":	1.000012993812561,
				"bytes":	119552672,
				"bits_per_second":	956408948.60139,
				"packets":	82564,
				"omitted":	false,
				"sender":	true
			}
		}, {
			"streams":	[{
					"socket":	5,
					"start":	5.0011,
					"end":	6.001093,
					"seconds":	0.99999302625656128,
					"bytes":	119565704,
					"bits_per_second":	956532302.61086929,
					"packets":	82573,
					"omitted":	false,
					"sender":	true
				}],
			"sum":	{
				"start":	5.0011,
				"end":	6.001093,
				"seconds":	0.99999302625656128,
				"bytes":	119565704,
				"bits_per_second":	956532302.61086929,
				"packets":	82573,
				"omitted":	false,
				"sender":	true
			}
		}, {
			"streams":	[{
					"socket":	5,
					"start":	6.001093,
					"end":	7.001097,
					"seconds":	1.0000040531158447,
					"bytes":	119528056,
					"bits_per_second":	956220572.32724726,
					"packets":	82547,
					"omitted":	false,
					"sender":	true
				}],
			"sum":	{
				"start":	6.001093,
				"end":	7.001097,
				"seconds":	1.0000040531158447,
				"bytes":	119528056,
				"bits_per_second":	956220572.32724726,
				"packets":	82547,
				"omitted":	false,
				"sender":	true
			}
		}, {
			"streams":	[{
					"socket":	5,
					"start":	7.001097,
					"end":	8.00109,
					"seconds":	0.99999302625656128,
					"bytes":	119559912,
					"bits_per_second":	956485966.28773165,
					"packets":	82569,
					"omitted":	false,
					"sender":	true
				}],
			"sum":	{
				"start":	7.001097,
				"end":	8.00109,
				"seconds":	0.99999302625656128,
				"bytes":	119559912,
				"bits_per_second":	956485966.28773165,
				"packets":	82569,
				"omitted":	false,
				"sender":	true
			}
		}, {
			"streams":	[{
					"socket":	5,
					"start":	8.00109,
					"end":	9.001113,
					"seconds":	1.0000230073928833,
					"bytes":	119581632,
					"bits_per_second":	956631046.41367078,
					"packets":	82584,
					"omitted":	false,
					"sender":	true
				}],
			"sum":	{
				"start":	8.00109,
				"end":	9.001113,
				"seconds":	1.0000230073928833,
				"bytes":	119581632,
				"bits_per_second":	956631046.41367078,
				"packets":	82584,
				"omitted":	false,
				"sender":	true
			}
		}, {
			"streams":	[{
					"socket":	5,
					"start":	9.001113,
					"end":	10.001103,
					"seconds":	0.99998998641967773,
					"bytes":	119509232,
					"bits_per_second":	956083429.8182193,
					"packets":	82534,
					"omitted":	false,
					"sender":	true
				}],
			"sum":	{
				"start":	9.001113,
				"end":	10.001103,
				"seconds":	0.99998998641967773,
				"bytes":	119509232,
				"bits_per_second":	956083429.8182193,
				"packets":	82534,
				"omitted":	false,
				"sender":	true
			}
		}, {
			"streams":	[{
					"socket":	5,
					"start":	10.001103,
					"end":	11.001087,
					"seconds":	0.9999840259552002,
					"bytes":	119552672,
					"bits_per_second":	956436654.16196179,
					"packets":	82564,
					"omitted":	false,
					"sender":	true
				}],
			"sum":	{
				"start":	10.001103,
				"end":	11.001087,
				"seconds":	0.9999840259552002,
				"bytes":	119552672,
				"bits_per_second":	956436654.16196179,
				"packets":	82564,
				"omitted":	false,
				"sender":	true
			}
		}, {
			"streams":	[{
					"socket":	5,
					"start":	11.001087,
					"end":	12.001133,
					"seconds":	1.0000460147857666,
					"bytes":	119606248,
					"bits_per_second":	956805956.77887857,
					"packets":	82601,
					"omitted":	false,
					"sender":	true
				}],
			"sum":	{
				"start":	11.001087,
				"end":	12.001133,
				"seconds":	1.0000460147857666,
				"bytes":	119606248,
				"bits_per_second":	956805956.77887857,
				"packets":	82601,
				"omitted":	false,
				"sender":	true
			}
		}, {
			"streams":	[{
					"socket":	5,
					"start":	12.001133,
					"end":	13.001084,
					"seconds":	0.99995100498199463,
					"bytes":	119523712,
					"bits_per_second":	956236546.8268292,
					"packets":	82544,
					"omitted":	false,
					"sender":	true
				}],
			"sum":	{
				"start":	12.001133,
				"end":	13.001084,
				"seconds":	0.99995100498199463,
				"bytes":	119523712,
				"bits_per_second":	956236546.8268292,
				"packets":	82544,
				"omitted":	false,
				"sender":	true
			}
		}, {
			"streams":	[{
					"socket":	5,
					"start":	13.001084,
					"end":	14.001099,
					"seconds":	1.0000150203704834,
					"bytes":	119533848,
					"bits_per_second":	956256420.67428434,
					"packets":	82551,
					"omitted":	false,
					"sender":	true
				}],
			"sum":	{
				"start":	13.001084,
				"end":	14.001099,
				"seconds":	1.0000150203704834,
				"bytes":	119533848,
				"bits_per_second":	956256420.67428434,
				"packets":	82551,
				"omitted":	false,
				"sender":	true
			}
		}, {
			"streams":	[{
					"socket":	5,
					"start":	14.001099,
					"end":	15.00109,
					"seconds":	0.999990999698639,
					"bytes":	119597560,