{
	"start":	{
		"connected":	[{
				"socket":	5,
				"local_host":	"192.168.50.13",
				"local_port":	34864,
				"remote_host":	"192.168.50.65",
				"remote_port":	5201
			}],
		"version":	"iperf 3.20",
		"system_info":	"Linux kitalab 7.0.0-27-generic #27-Ubuntu SMP PREEMPT_DYNAMIC Thu Jun 18 19:13:49 UTC 2026 x86_64",
		"timestamp":	{
			"time":	"Wed, 22 Jul 2026 08:03:15 GMT",
			"timesecs":	1784707395,
			"timemillisecs":	1784707395958
		},
		"connecting_to":	{
			"host":	"192.168.50.65",
			"port":	5201
		},
		"cookie":	"qj4uoftabu3t52u2itihy62wndofanfqzqry",
		"tcp_mss_default":	1448,
		"target_bitrate":	0,
		"fq_rate":	0,
		"sock_bufsize":	0,
		"sndbuf_actual":	16384,
		"rcvbuf_actual":	131072,
		"test_start":	{
			"protocol":	"TCP",
			"num_streams":	1,
			"blksize":	131072,
			"omit":	0,
			"duration":	30,
			"bytes":	0,
			"blocks":	0,
			"reverse":	1,
			"tos":	0,
			"target_bitrate":	0,
			"bidir":	0,
			"fqrate":	0,
			"interval":	1
		}
	},
	"intervals":	[{
			"streams":	[{
					"socket":	5,
					"start":	0,
					"end":	1.00066,
					"seconds":	1.0006599426269531,
					"bytes":	57147392,
					"bits_per_second":	456877622.98129362,
					"omitted":	false,
					"sender":	false
				}],
			"sum":	{
				"start":	0,
				"end":	1.00066,
				"seconds":	1.0006599426269531,
				"bytes":	57147392,
				"bits_per_second":	456877622.98129362,
				"omitted":	false,
				"sender":	false
			}
		}, {
			"streams":	[{
					"socket":	5,
					"start":	1.00066,
					"end":	2.000657,
					"seconds":	0.99999701976776123,
					"bytes":	58589184,
					"bits_per_second":	468714868.879163,
					"omitted":	false,
					"sender":	false
				}],
			"sum":	{
				"start":	1.00066,
				"end":	2.000657,
				"seconds":	0.99999701976776123,
				"bytes":	58589184,
				"bits_per_second":	468714868.879163,
				"omitted":	false,
				"sender":	false
			}
		}, {
			"streams":	[{
					"socket":	5,
					"start":	2.000657,
					"end":	3.001126,
					"seconds":	1.0004689693450928,
					"bytes":	56492032,
					"bits_per_second":	451724411.0987646,
					"omitted":	false,
					"sender":	false
				}],
			"sum":	{
				"start":	2.000657,
				"end":	3.001126,
				"seconds":	1.0004689693450928,
				"bytes":	56492032,
				"bits_per_second":	451724411.0987646,
				"omitted":	false,
				"sender":	false
			}
		}, {
			"streams":	[{
					"socket":	5,
					"start":	3.001126,
					"end":	4.000653,
					"seconds":	0.9995269775390625,
					"bytes":	59768832,
					"bits_per_second":	478376939.036959,
					"omitted":	false,
					"sender":	false
				}],
			"sum":	{
				"start":	3.001126,
				"end":	4.000653,
				"seconds":	0.9995269775390625,
				"bytes":	59768832,
				"bits_per_second":	478376939.036959,
				"omitted":	false,
				"sender":	false
			}
		}, {
			"streams":	[{
					"socket":	5,
					"start":	4.000653,
					"end":	5.000754,
					"seconds":	1.0001009702682495,
					"bytes":	56754176,
					"bits_per_second":	453987568.753401,
					"omitted":	false,
					"sender":	false
				}],
			"sum":	{
				"start":	4.000653,
				"end":	5.000754,
				"seconds":	1.0001009702682495,
				"bytes":	56754176,
				"bits_per_second":	453987568.753401,
				"omitted":	false,
				"sender":	false
			}
		}, {
			"streams":	[{
					"socket":	5,
					"start":	5.000754,
					"end":	6.0011,
					"seconds":	1.0003459453582764,
					"bytes":	63176704,
					"bits_per_second":	505238846.96607119,
					"omitted":	false,
					"sender":	false
				}],
			"sum":	{
				"start":	5.000754,
				"end":	6.0011,
				"seconds":	1.0003459453582764,
				"bytes":	63176704,
				"bits_per_second":	505238846.96607119,
				"omitted":	false,
				"sender":	false
			}
		}, {
			"streams":	[{
					"socket":	5,
					"start":	6.0011,
					"end":	7.000654,
					"seconds":	0.99955397844314575,
					"bytes":	63569920,
					"bits_per_second":	508786289.65301716,
					"omitted":	false,
					"sender":	false
				}],
			"sum":	{
				"start":	6.0011,
				"end":	7.000654,
				"seconds":	0.99955397844314575,
				"bytes":	63569920,
				"bits_per_second":	508786289.65301716,
				"omitted":	false,
				"sender":	false
			}
		}, {
			"streams":	[{
					"socket":	5,
					"start":	7.000654,
					"end":	8.000652,
					"seconds":	0.99999797344207764,
					"bytes":	63700992,
					"bits_per_second":	509608968.752093,
					"omitted":	false,
					"sender":	false
				}],
			"sum":	{
				"start":	7.000654,
				"end":	8.000652,
				"seconds":	0.99999797344207764,
				"bytes":	63700992,
				"bits_per_second":	509608968.752093,
				"omitted":	false,
				"sender":	false
			}
		}, {
			"streams":	[{
					"socket":	5,
					"start":	8.000652,
					"end":	9.000648,
					"seconds":	0.9999960064888,
					"bytes":	57409536,
					"bits_per_second":	459278122.13232464,
					"omitted":	false,
					"sender":	false
				}],
			"sum":	{
				"start":	8.000652,
				"end":	9.000648,
				"seconds":	0.9999960064888,
				"bytes":	57409536,
				"bits_per_second":	459278122.13232464,
				"omitted":	false,
				"sender":	false
			}
		}, {
			"streams":	[{
					"socket":	5,
					"start":	9.000648,
					"end":	10.000649,
					"seconds":	1.0000009536743164,
					"bytes":	60555264,
					"bits_per_second":	484441650.0004406,
					"omitted":	false,
					"sender":	false
				}],
			"sum":	{
				"start":	9.000648,
				"end":	10.000649,
				"seconds":	1.0000009536743164,
				"bytes":	60555264,
				"bits_per_second":	484441650.0004406,
				"omitted":	false,
				"sender":	false
			}
		}, {
			"streams":	[{
					"socket":	5,
					"start":	10.000649,
					"end":	11.000649,
					"seconds":	1,
					"bytes":	63045632,
					"bits_per_second":	504365056,
					"omitted":	false,
					"sender":	false
				}],
			"sum":	{
				"start":	10.000649,
				"end":	11.000649,
				"seconds":	1,
				"bytes":	63045632,
				"bits_per_second":	504365056,
				"omitted":	false,
				"sender":	false
			}
		}, {
			"streams":	[{
					"socket":	5,
					"start":	11.000649,
					"end":	12.000656,
					"seconds":	1.0000070333480835,
					"bytes":	60686336,
					"bits_per_second":	485487273.399016,
					"omitted":	false,
					"sender":	false
				}],
			"sum":	{
				"start":	11.000649,
				"end":	12.000656,
				"seconds":	1.0000070333480835,
				"bytes":	60686336,
				"bits_per_second":	485487273.399016,
				"omitted":	false,
				"sender":	false
			}
		}, {
			"streams":	[{
					"socket":	5,
					"start":	12.000656,
					"end":	13.000652,
					"seconds":	0.9999960064888,
					"bytes":	59899904,
					"bits_per_second":	479201145.69514239,
					"omitted":	false,
					"sender":	false
				}],
			"sum":	{
				"start":	12.000656,
				"end":	13.000652,
				"seconds":	0.9999960064888,
				"bytes":	59899904,
				"bits_per_second":	479201145.69514239,
				"omitted":	false,
				"sender":	false
			}
		}, {
			"streams":	[{
					"socket":	5,
					"start":	13.000652,
					"end":	14.000656,
					"seconds":	1.0000040531158447,
					"bytes":	57802752,
					"bits_per_second":	462420141.75759649,
					"omitted":	false,
					"sender":	false
				}],
			"sum":	{
				"start":	13.000652,
				"end":	14.000656,
				"seconds":	1.0000040531158447,
				"bytes":	57802752,
				"bits_per_second":	462420141.75759649,
				"omitted":	false,
				"sender":	false
			}
		}, {
			"streams":	[{
					"socket":	5,
					"start":	14.000656,
					"end":	15.000651,
					"seconds":	0.999994993209839,
					"bytes":	63307776,
					"bits_per_second":	506464743.762696,
					"omitted":	false,
					"sender":	false
				}],
			"sum":	{
				"start":	14.000656,
				"end":	15.000651,
				"seconds":	0.999994993209839,
				"bytes":	63307776,
				"bits_per_second":	506464743.762696,
				"omitted":	false,
				"sender":	false
			}
		}, {
			"streams":	[{
					"socket":	5,
					"start":	15.000651,
					"end":	16.000651,
					"seconds":	1,
					"bytes":	62128128,
					"bits_per_second":	497025024,
					"omitted":	false,
					"sender":	false
				}],
			"sum":	{
				"start":	15.000651,
				"end":	16.000651,
				"seconds":	1,
				"bytes":	62128128,
				"bits_per_second":	497025024,
				"omitted":	false,