{
	"start":	{
		"connected":	[{
				"socket":	5,
				"local_host":	"192.168.50.13",
				"local_port":	48409,
				"remote_host":	"192.168.50.65",
				"remote_port":	5201
			}],
		"version":	"iperf 3.20",
		"system_info":	"Linux kitalab 7.0.0-27-generic #27-Ubuntu SMP PREEMPT_DYNAMIC Thu Jun 18 19:13:49 UTC 2026 x86_64",
		"timestamp":	{
			"time":	"Wed, 22 Jul 2026 08:03:46 GMT",
			"timesecs":	1784707426,
			"timemillisecs":	1784707426131
		},
		"connecting_to":	{
			"host":	"192.168.50.65",
			"port":	5201
		},
		"cookie":	"6kf7wefmd4dvv4zr4k6ttiqcr2mzxyww73va",
		"target_bitrate":	1000000000,
		"fq_rate":	0,
		"sock_bufsize":	0,
		"sndbuf_actual":	212992,
		"rcvbuf_actual":	212992,
		"test_start":	{
			"protocol":	"UDP",
			"num_streams":	1,
			"blksize":	1448,
			"omit":	0,
			"duration":	30,
			"bytes":	0,
			"blocks":	0,
			"reverse":	0,
			"tos":	0,
			"target_bitrate":	1000000000,
			"bidir":	0,
			"fqrate":	0,
			"interval":	1
		}
	},
	"intervals":	[{
			"streams":	[{
					"socket":	5,
					"start":	0,
					"end":	1.001101,
					"seconds":	1.001101016998291,
					"bytes":	119782904,
					"bits_per_second":	957209328.25866449,
					"packets":	82724,
					"omitted":	false,
					"sender":	true
				}],
			"sum":	{
				"start":	0,
				"end":	1.001101,
				"seconds":	1.001101016998291,
				"bytes":	119782904,
				"bits_per_second":	957209328.25866449,
				"packets":	82724,
				"omitted":	false,
				"sender":	true
			}
		}, {
			"streams":	[{
					"socket":	5,
					"start":	1.001101,
					"end":	2.000342,
					"seconds":	0.99924099445343018,
					"bytes":	119464344,
					"bits_per_second":	956440695.793072,
					"packets":	82503,
					"omitted":	false,
					"sender":	true
				}],
			"sum":	{
				"start":	1.001101,
				"end":	2.000342,
				"seconds":	0.99924099445343018,
				"bytes":	119464344,
				"bits_per_second":	956440695.793072,
				"packets":	82503,
				"omitted":	false,
				"sender":	true
			}
		}, {
			"streams":	[{
					"socket":	5,
					"start":	2.000342,
					"end":	3.00109,
					"seconds":	1.0007480382919312,
					"bytes":	119655480,
					"bits_per_second":	956528320.189182,
					"packets":	82635,
					"omitted":	false,
					"sender":	true
				}],
			"sum":	{
				"start":	2.000342,
				"end":	3.00109,
				"seconds":	1.0007480382919312,
				"bytes":	119655480,
				"bits_per_second":	956528320.189182,
				"packets":	82635,
				"omitted":	false,
				"sender":	true
			}
		}, {
			"streams":	[{
					"socket":	5,
					"start":	3.00109,
					"end":	4.001123,
					"seconds":	1.0000330209732056,
					"bytes":	119545432,
					"bits_per_second":	956331876.99071431,
					"packets":	82559,
					"omitted":	false,
					"sender":	true
				}],
			"sum":	{
				"start":	3.00109,
				"end":	4.001123,
				"seconds":	1.0000330209732056,
				"bytes":	119545432,
				"bits_per_second":	956331876.99071431,
				"packets":	82559,
				"omitted":	false,
				"sender":	true
			}
		}, {
			"streams":	[{
					"socket":	5,
					"start":	4.001123,
					"end":	5.001094,
					"seconds":	0.99997097253799438,
					"bytes":	119552672,
					"bits_per_second":	956449139.291051,
					"packets":	82564,
					"omitted":	false,
					"sender":	true
				}],
			"sum":	{
				"start":	4.001123,
				"end":	5.001094,
				"seconds":	0.99997097253799438,
				"bytes":	119552672,
				"bits_per_second":	956449139.291051,
				"packets":	82564,
				"omitted":	false,
				"sender":	true
			}
		}, {
			"streams":	[{
					"socket":	5,
					"start":	5.001094,
					"end":	6.001089,
					"seconds":	0.999994993209839,
					"bytes":	119529504,
					"bits_per_second":	956240819.6971277,
					"packets":	82548,
					"omitted":	false,
					"sender":	true
				}],
			"sum":	{
				"start":	5.001094,
				"end":	6.001089,
				"seconds":	0.999994993209839,
				"bytes":	119529504,
				"bits_per_second":	956240819.6971277,
				"packets":	82548,
				"omitted":	false,
				"sender":	true
			}
		}, {
			"streams":	[{
					"socket":	5,
					"start":	6.001089,
					"end":	7.001107,
					"seconds":	1.0000180006027222,
					"bytes":	119612040,
					"bits_per_second":	956879095.599547,
					"packets":	82605,
					"omitted":	false,
					"sender":	true
				}],
			"sum":	{
				"start":	6.001089,
				"end":	7.001107,
				"seconds":	1.0000180006027222,
				"bytes":	119612040,
				"bits_per_second":	956879095.599547,
				"packets":	82605,
				"omitted":	false,
				"sender":	true
			}
		}, {
			"streams":	[{
					"socket":	5,
					"start":	7.001107,
					"end":	8.001105,
					"seconds":	0.99999797344207764,
					"bytes":	119541088,
					"bits_per_second":	956330642.059439,
					"packets":	82556,
					"omitted":	false,
					"sender":	true
				}],
			"sum":	{
				"start":	7.001107,
				"end":	8.001105,
				"seconds":	0.99999797344207764,
				"bytes":	119541088,
				"bits_per_second":	956330642.059439,
				"packets":	82556,
				"omitted":	false,
				"sender":	true
			}
		}, {
			"streams":	[{
					"socket":	5,
					"start":	8.001105,
					"end":	9.0011,
					"seconds":	0.999994993209839,
					"bytes":	119541088,
					"bits_per_second":	956333492.16111934,
					"packets":	82556,
					"omitted":	false,
					"sender":	true
				}],
			"sum":	{
				"start":	8.001105,
				"end":	9.0011,
				"seconds":	0.999994993209839,
				"bytes":	119541088,
				"bits_per_second":	956333492.16111934,
				"packets":	82556,
				"omitted":	false,
				"sender":	true
			}
		}, {
			"streams":	[{
					"socket":	5,
					"start":	9.0011,
					"end":	10.001101,
					"seconds":	1.0000009536743164,
					"bytes":	119528056,
					"bits_per_second":	956223536.074173,
					"packets":	82547,
					"omitted":	false,
					"sender":	true
				}],
			"sum":	{
				"start":	9.0011,
				"end":	10.001101,
				"seconds":	1.0000009536743164,
				"bytes":	119528056,
				"bits_per_second":	956223536.074173,
				"packets":	82547,
				"omitted":	false,
				"sender":	true
			}
		}, {
			"streams":	[{
					"socket":	5,
					"start":	10.001101,
					"end":	11.001096,
					"seconds":	0.999994993209839,
					"bytes":	119548328,
					"bits_per_second":	956391412.451114,
					"packets":	82561,
					"omitted":	false,
					"sender":	true
				}],
			"sum":	{
				"start":	10.001101,
				"end":	11.001096,
				"seconds":	0.999994993209839,
				"bytes":	119548328,
				"bits_per_second":	956391412.451114,
				"packets":	82561,
				"omitted":	false,
				"sender":	true
			}
		}, {
			"streams":	[{
					"socket":	5,
					"start":	11.001096,
					"end":	12.001102,
					"seconds":	1.0000059604644775,
					"bytes":	119538192,
					"bits_per_second":	956299836.00879765,
					"packets":	82554,
					"omitted":	false,
					"sender":	true
				}],
			"sum":	{
				"start":	11.001096,
				"end":	12.001102,
				"seconds":	1.0000059604644775,
				"bytes":	119538192,
				"bits_per_second":	956299836.00879765,
				"packets":	82554,
				"omitted":	false,
				"sender":	true
			}
		}, {
			"streams":	[{
					"socket":	5,
					"start":	12.001102,
					"end":	13.001096,
					"seconds":	0.99999397993087769,
					"bytes":	119596112,
					"bits_per_second":	956774655.84956264,
					"packets":	82594,
					"omitted":	false,
					"sender":	true
				}],
			"sum":	{
				"start":	12.001102,
				"end":	13.001096,
				"seconds":	0.99999397993087769,
				"bytes":	119596112,
				"bits_per_second":	956774655.84956264,
				"packets":	82594,
				"omitted":	false,
				"sender":	true
			}
		}, {
			"streams":	[{
					"socket":	5,
					"start":	13.001096,
					"end":	14.001153,
					"seconds":	1.0000569820404053,
					"bytes":	119522264,
					"bits_per_second":	956123630.12467575,
					"packets":	82543,
					"omitted":	false,
					"sender":	true
				}],
			"sum":	{
				"start":	13.001096,
				"end":	14.001153,
				"seconds":	1.0000569820404053,
				"bytes":	119522264,
				"bits_per_second":	956123630.12467575,
				"packets":	82543,
				"omitted":	false,
				"sender":	true
			}
		}, {
			"streams":	[{
					"socket":	5,
					"start":	14.001153,
					"end":	15.001088,
					"seconds":	0.99993497133255,
					"bytes":	119538192,