{
	"start":	{
		"connected":	[{
				"socket":	5,
				"local_host":	"192.168.50.208",
				"local_port":	33979,
				"remote_host":	"192.168.50.65",
				"remote_port":	5201
			}],
		"version":	"iperf 3.20",
		"system_info":	"Linux kitalab 7.0.0-27-generic #27-Ubuntu SMP PREEMPT_DYNAMIC Thu Jun 18 19:13:49 UTC 2026 x86_64",
		"timestamp":	{
			"time":	"Fri, 10 Jul 2026 04:36:52 GMT",
			"timesecs":	1783658212,
			"timemillisecs":	1783658212439
		},
		"connecting_to":	{
			"host":	"192.168.50.65",
			"port":	5201
		},
		"cookie":	"erkaarjbu3kxxiavsefleh5byvtrh3g2ausi",
		"target_bitrate":	1000000000,
		"fq_rate":	0,
		"sock_bufsize":	0,
		"sndbuf_actual":	212992,
		"rcvbuf_actual":	212992,
		"test_start":	{
			"protocol":	"UDP",
			"num_streams":	1,
			"blksize":	1448,
			"omit":	0,
			"duration":	30,
			"bytes":	0,
			"blocks":	0,
			"reverse":	0,
			"tos":	0,
			"target_bitrate":	1000000000,
			"bidir":	0,
			"fqrate":	0,
			"interval":	1
		}
	},
	"intervals":	[{
			"streams":	[{
					"socket":	5,
					"start":	0,
					"end":	1.001159,
					"seconds":	1.0011589527130127,
					"bytes":	70590000,
					"bits_per_second":	564066273.86158919,
					"packets":	48751,
					"omitted":	false,
					"sender":	true
				}],
			"sum":	{
				"start":	0,
				"end":	1.001159,
				"seconds":	1.0011589527130127,
				"bytes":	70590000,
				"bits_per_second":	564066273.86158919,
				"packets":	48751,
				"omitted":	false,
				"sender":	true
			}
		}, {
			"streams":	[{
					"socket":	5,
					"start":	1.001159,
					"end":	2.001158,
					"seconds":	0.99999898672103882,
					"bytes":	64278168,
					"bits_per_second":	514225865.05425036,
					"packets":	44391,
					"omitted":	false,
					"sender":	true
				}],
			"sum":	{
				"start":	1.001159,
				"end":	2.001158,
				"seconds":	0.99999898672103882,
				"bytes":	64278168,
				"bits_per_second":	514225865.05425036,
				"packets":	44391,
				"omitted":	false,
				"sender":	true
			}
		}, {
			"streams":	[{
					"socket":	5,
					"start":	2.001158,
					"end":	3.001144,
					"seconds":	0.99998599290847778,
					"bytes":	68555560,
					"bits_per_second":	548452162.21963179,
					"packets":	47345,
					"omitted":	false,
					"sender":	true
				}],
			"sum":	{
				"start":	2.001158,
				"end":	3.001144,
				"seconds":	0.99998599290847778,
				"bytes":	68555560,
				"bits_per_second":	548452162.21963179,
				"packets":	47345,
				"omitted":	false,
				"sender":	true
			}
		}, {
			"streams":	[{
					"socket":	5,
					"start":	3.001144,
					"end":	4.00117,
					"seconds":	1.0000259876251221,
					"bytes":	64792208,
					"bits_per_second":	518324193.985155,
					"packets":	44746,
					"omitted":	false,
					"sender":	true
				}],
			"sum":	{
				"start":	3.001144,
				"end":	4.00117,
				"seconds":	1.0000259876251221,
				"bytes":	64792208,
				"bits_per_second":	518324193.985155,
				"packets":	44746,
				"omitted":	false,
				"sender":	true
			}
		}, {
			"streams":	[{
					"socket":	5,
					"start":	4.00117,
					"end":	5.001202,
					"seconds":	1.0000319480895996,
					"bytes":	53083680,
					"bits_per_second":	424655873.05611861,
					"packets":	36660,
					"omitted":	false,
					"sender":	true
				}],
			"sum":	{
				"start":	4.00117,
				"end":	5.001202,
				"seconds":	1.0000319480895996,
				"bytes":	53083680,
				"bits_per_second":	424655873.05611861,
				"packets":	36660,
				"omitted":	false,
				"sender":	true
			}
		}, {
			"streams":	[{
					"socket":	5,
					"start":	5.001202,
					"end":	6.001145,
					"seconds":	0.99994301795959473,
					"bytes":	65031128,
					"bits_per_second":	520278670.5402267,
					"packets":	44911,
					"omitted":	false,
					"sender":	true
				}],
			"sum":	{
				"start":	5.001202,
				"end":	6.001145,
				"seconds":	0.99994301795959473,
				"bytes":	65031128,
				"bits_per_second":	520278670.5402267,
				"packets":	44911,
				"omitted":	false,
				"sender":	true
			}
		}, {
			"streams":	[{
					"socket":	5,
					"start":	6.001145,
					"end":	7.001215,
					"seconds":	1.0000699758529663,
					"bytes":	65710240,
					"bits_per_second":	525645137.53314352,
					"packets":	45380,
					"omitted":	false,
					"sender":	true
				}],
			"sum":	{
				"start":	6.001145,
				"end":	7.001215,
				"seconds":	1.0000699758529663,
				"bytes":	65710240,
				"bits_per_second":	525645137.53314352,
				"packets":	45380,
				"omitted":	false,
				"sender":	true
			}
		}, {
			"streams":	[{
					"socket":	5,
					"start":	7.001215,
					"end":	8.001168,
					"seconds":	0.99995297193527222,
					"bytes":	64449032,
					"bits_per_second":	515616504.44634581,
					"packets":	44509,
					"omitted":	false,
					"sender":	true
				}],
			"sum":	{
				"start":	7.001215,
				"end":	8.001168,
				"seconds":	0.99995297193527222,
				"bytes":	64449032,
				"bits_per_second":	515616504.44634581,
				"packets":	44509,
				"omitted":	false,
				"sender":	true
			}
		}, {
			"streams":	[{
					"socket":	5,
					"start":	8.001168,
					"end":	9.001176,
					"seconds":	1.0000079870224,
					"bytes":	66312608,
					"bits_per_second":	530496626.91155779,
					"packets":	45796,
					"omitted":	false,
					"sender":	true
				}],
			"sum":	{
				"start":	8.001168,
				"end":	9.001176,
				"seconds":	1.0000079870224,
				"bytes":	66312608,
				"bits_per_second":	530496626.91155779,
				"packets":	45796,
				"omitted":	false,
				"sender":	true
			}
		}, {
			"streams":	[{
					"socket":	5,
					"start":	9.001176,
					"end":	10.001198,
					"seconds":	1.0000220537185669,
					"bytes":	69754504,
					"bits_per_second":	558023725.501804,
					"packets":	48173,
					"omitted":	false,
					"sender":	true
				}],
			"sum":	{
				"start":	9.001176,
				"end":	10.001198,
				"seconds":	1.0000220537185669,
				"bytes":	69754504,
				"bits_per_second":	558023725.501804,
				"packets":	48173,
				"omitted":	false,
				"sender":	true
			}
		}, {
			"streams":	[{
					"socket":	5,
					"start":	10.001198,
					"end":	11.001176,
					"seconds":	0.999978005886078,
					"bytes":	70278680,
					"bits_per_second":	562241806.01033318,
					"packets":	48535,
					"omitted":	false,
					"sender":	true
				}],
			"sum":	{
				"start":	10.001198,
				"end":	11.001176,
				"seconds":	0.999978005886078,
				"bytes":	70278680,
				"bits_per_second":	562241806.01033318,
				"packets":	48535,
				"omitted":	false,
				"sender":	true
			}
		}, {
			"streams":	[{
					"socket":	5,
					"start":	11.001176,
					"end":	12.001142,
					"seconds":	0.999966025352478,
					"bytes":	71351648,
					"bits_per_second":	570832577.835626,
					"packets":	49276,
					"omitted":	false,
					"sender":	true
				}],
			"sum":	{
				"start":	11.001176,
				"end":	12.001142,
				"seconds":	0.999966025352478,
				"bytes":	71351648,
				"bits_per_second":	570832577.835626,
				"packets":	49276,
				"omitted":	false,
				"sender":	true
			}
		}, {
			"streams":	[{
					"socket":	5,
					"start":	12.001142,
					"end":	13.001145,
					"seconds":	1.0000029802322388,
					"bytes":	59992088,
					"bits_per_second":	479935273.68142486,
					"packets":	41431,
					"omitted":	false,
					"sender":	true
				}],
			"sum":	{
				"start":	12.001142,
				"end":	13.001145,
				"seconds":	1.0000029802322388,
				"bytes":	59992088,
				"bits_per_second":	479935273.68142486,
				"packets":	41431,
				"omitted":	false,
				"sender":	true
			}
		}, {
			"streams":	[{
					"socket":	5,
					"start":	13.001145,
					"end":	14.001162,
					"seconds":	1.0000170469284058,
					"bytes":	65439464,
					"bits_per_second":	523506787.81726813,
					"packets":	45193,
					"omitted":	false,
					"sender":	true
				}],
			"sum":	{
				"start":	13.001145,
				"end":	14.001162,
				"seconds":	1.0000170469284058,
				"bytes":	65439464,
				"bits_per_second":	523506787.81726813,
				"packets":	45193,
				"omitted":	false,
				"sender":	true
			}
		}, {
			"streams":	[{
					"socket":	5,
					"start":	14.001162,
					"end":	15.001179,
					"seconds":	1.0000170469284058,
					"bytes":	67695448,