{
  "fio version" : "fio-3.41",
  "timestamp" : 1783661409,
  "timestamp_ms" : 1783661409306,
  "time" : "Fri Jul 10 14:30:09 2026",
  "jobs" : [
    {
      "jobname" : "rand_write",
      "groupid" : 0,
      "job_start" : 1783661378910,
      "error" : 0,
      "eta" : 0,
      "elapsed" : 31,
      "job options" : {
        "name" : "rand_write",
        "directory" : "/home/kitalab/benchmark/2026-07-10-14-27/storage",
        "rw" : "randwrite",
        "bs" : "4k",
        "size" : "1G",
        "numjobs" : "4",
        "iodepth" : "32",
        "runtime" : "30",
        "time_based" : "",
        "group_reporting" : ""
      },
      "read" : {
        "io_bytes" : 0,
        "io_kbytes" : 0,
        "bw_bytes" : 0,
        "bw" : 0,
        "iops" : 0.000000,
        "runtime" : 0,
        "total_ios" : 0,
        "short_ios" : 0,
        "drop_ios" : 0,
        "slat_ns" : {
          "min" : 0,
          "max" : 0,
          "mean" : 0.000000,
          "stddev" : 0.000000,
          "N" : 0
        },
        "clat_ns" : {
          "min" : 0,
          "max" : 0,
          "mean" : 0.000000,
          "stddev" : 0.000000,
          "N" : 0
        },
        "lat_ns" : {
          "min" : 0,
          "max" : 0,
          "mean" : 0.000000,
          "stddev" : 0.000000,
          "N" : 0
        },
        "bw_min" : 0,
        "bw_max" : 0,
        "bw_agg" : 0.000000,
        "bw_mean" : 0.000000,
        "bw_dev" : 0.000000,
        "bw_samples" : 0,
        "iops_min" : 0,
        "iops_max" : 0,
        "iops_mean" : 0.000000,
        "iops_stddev" : 0.000000,
        "iops_samples" : 0
      },
      "write" : {
        "io_bytes" : 115295920128,
        "io_kbytes" : 112593672,
        "bw_bytes" : 3804392533,
        "bw" : 3715227,
        "iops" : 928806.770936,
        "runtime" : 30306,
        "total_ios" : 28148418,
        "short_ios" : 0,
        "drop_ios" : 0,
        "slat_ns" : {
          "min" : 0,
          "max" : 0,
          "mean" : 0.000000,
          "stddev" : 0.000000,
          "N" : 0
        },
        "clat_ns" : {
          "min" : 613,
          "max" : 149967561,
          "mean" : 1284.951548,
          "stddev" : 66498.506179,
          "N" : 28148418,
          "percentile" : {
            "1.000000" : 748,
            "5.000000" : 820,
            "10.000000" : 860,
            "20.000000" : 916,
            "30.000000" : 956,
            "40.000000" : 1004,
            "50.000000" : 1048,
            "60.000000" : 1096,
            "70.000000" : 1144,
            "80.000000" : 1224,
            "90.000000" : 1384,
            "95.000000" : 1768,
            "99.000000" : 5216,
            "99.500000" : 6432,
            "99.900000" : 8256,
            "99.950000" : 16512,
            "99.990000" : 168960
          }
        },
        "lat_ns" : {
          "min" : 628,
          "max" : 149967577,
          "mean" : 1300.929932,
          "stddev" : 66498.512045,
          "N" : 28148418
        },
        "bw_min" : 332808,
        "bw_max" : 8388608,
        "bw_agg" : 100.000000,
        "bw_mean" : 5005247.754114,
        "bw_dev" : 674193.051243,
        "bw_samples" : 178,
        "iops_min" : 83202,
        "iops_max" : 2097152,
        "iops_mean" : 1251312.001563,
        "iops_stddev" : 168548.242344,
        "iops_samples" : 178
      },
      "trim" : {
        "io_bytes" : 0,
        "io_kbytes" : 0,
        "bw_bytes" : 0,
        "bw" : 0,
        "iops" : 0.000000,
        "runtime" : 0,
        "total_ios" : 0,
        "short_ios" : 0,
        "drop_ios" : 0,
        "slat_ns" : {
          "min" : 0,
          "max" : 0,
          "mean" : 0.000000,
          "stddev" : 0.000000,
          "N" : 0
        },
        "clat_ns" : {
          "min" : 0,
          "max" : 0,
          "mean" : 0.000000,
          "stddev" : 0.000000,
          "N" : 0
        },
        "lat_ns" : {
          "min" : 0,
          "max" : 0,
          "mean" : 0.000000,
          "stddev" : 0.000000,
          "N" : 0
        },
        "bw_min" : 0,
        "bw_max" : 0,
        "bw_agg" : 0.000000,
        "bw_mean" : 0.000000,
        "bw_dev" : 0.000000,
        "bw_samples" : 0,
        "iops_min" : 0,
        "iops_max" : 0,
        "iops_mean" : 0.000000,
        "iops_stddev" : 0.000000,
        "iops_samples" : 0
      },
      "sync" : {
        "total_ios" : 0,
        "lat_ns" : {
          "min" : 0,
          "max" : 0,
          "mean" : 0.000000,
          "stddev" : 0.000000,
          "N" : 0
        }
      },
      "job_runtime" : 120409,
      "usr_cpu" : 3.696568,
      "sys_cpu" : 50.086788,
      "ctx" : 453700,
      "majf" : 0,
      "minf" : 41,
      "iodepth_level" : {
        "1" : 100.000000,
        "2" : 0.000000,
        "4" : 0.000000,
        "8" : 0.000000,
        "16" : 0.000000,
        "32" : 0.000000,
        ">=64" : 0.000000
      },
      "iodepth_submit" : {
        "0" : 0.000000,
        "4" : 100.000000,
        "8" : 0.000000,
        "16" : 0.000000,
        "32" : 0.000000,
        "64" : 0.000000,
        ">=64" : 0.000000
      },
      "iodepth_complete" : {
        "0" : 0.000000,
        "4" : 100.000000,
        "8" : 0.000000,
        "16" : 0.000000,
        "32" : 0.000000,
        "64" : 0.000000,
        ">=64" : 0.000000
      },
      "latency_ns" : {
        "2" : 0.000000,
        "4" : 0.000000,
        "10" : 0.000000,
        "20" : 0.000000,
        "50" : 0.000000,
        "100" : 0.000000,
        "250" : 0.000000,
        "500" : 0.000000,
        "750" : 1.076444,
        "1000" : 38.596276
      },
      "latency_us" : {
        "2" : 55.716293,
        "4" : 3.323725,
        "10" : 1.229078,
        "20" : 0.010000,
        "50" : 0.010000,
        "100" : 0.020726,
        "250" : 0.021454,
        "500" : 0.010000,
        "750" : 0.000000,
        "1000" : 0.000000
      },
      "latency_ms" : {
        "2" : 0.010000,
        "4" : 0.000000,
        "10" : 0.010000,
        "20" : 0.010000,
        "50" : 0.000000,
        "100" : 0.010000,
        "250" : 0.010000,
        "500" : 0.000000,
        "750" : 0.000000,
        "1000" : 0.000000,
        "2000" : 0.000000,
        ">=2000" : 0.000000
      },
      "latency_depth" : 32,
      "latency_target" : 0,
      "latency_percentile" : 100.000000,
      "latency_window" : 0
    }
  ],
  "disk_util" : [
    {
      "name" : "dm-0",
      "read_ios" : 0,
      "write_ios" : 2086149,
      "read_sectors" : 0,
      "write_sectors" : 222069568,
      "read_merges" : 0,
      "write_merges" : 0,
      "read_ticks" : 0,
      "write_ticks" : 2704401,
      "in_queue" : 2704401,
      "util" : 98.778833,
      "aggr_read_ios" : 0,
      "aggr_write_ios" : 2690890,
      "aggr_read_sectors" : 0,
      "aggr_write_sectors" : 223381280,
      "aggr_read_merges" : 0,
      "aggr_write_merge" : 713,
      "aggr_read_ticks" : 0,
      "aggr_write_ticks" : 29327083,
      "aggr_in_queue" : 29327105,
      "aggr_util" : 80.101336
    },
    {
      "name" : "nvme0n1",
      "read_ios" : 0,
      "write_ios" : 2690890,
      "read_sectors" : 0,
      "write_sectors" : 223381280,
      "read_merges" : 0,
      "write_merges" : 713,
      "read_ticks" : 0,
      "write_ticks" : 29327083,
      "in_queue" : 29327105,
      "util" : 80.101336
    }
  ]
}
