{
  "fio version" : "fio-3.41",
  "timestamp" : 1783661378,
  "timestamp_ms" : 1783661378641,
  "time" : "Fri Jul 10 14:29:38 2026",
  "jobs" : [
    {
      "jobname" : "seq_read",
      "groupid" : 0,
      "job_start" : 1783661348615,
      "error" : 0,
      "eta" : 0,
      "elapsed" : 31,
      "job options" : {
        "name" : "seq_read",
        "directory" : "/home/kitalab/benchmark/2026-07-10-14-27/storage",
        "rw" : "read",
        "bs" : "1M",
        "size" : "1G",
        "numjobs" : "1",
        "runtime" : "30",
        "time_based" : "",
        "group_reporting" : ""
      },
      "read" : {
        "io_bytes" : 97378107392,
        "io_kbytes" : 95095808,
        "bw_bytes" : 3245828718,
        "bw" : 3169754,
        "iops" : 3095.463485,
        "runtime" : 30001,
        "total_ios" : 92867,
        "short_ios" : 0,
        "drop_ios" : 0,
        "slat_ns" : {
          "min" : 0,
          "max" : 0,
          "mean" : 0.000000,
          "stddev" : 0.000000,
          "N" : 0
        },
        "clat_ns" : {
          "min" : 293547,
          "max" : 3749342,
          "mean" : 320144.818881,
          "stddev" : 16030.953178,
          "N" : 92867,
          "percentile" : {
            "1.000000" : 301056,
            "5.000000" : 305152,
            "10.000000" : 313344,
            "20.000000" : 317440,
            "30.000000" : 317440,
            "40.000000" : 317440,
            "50.000000" : 321536,
            "60.000000" : 321536,
            "70.000000" : 321536,
            "80.000000" : 321536,
            "90.000000" : 325632,
            "95.000000" : 329728,
            "99.000000" : 337920,
            "99.500000" : 346112,
            "99.900000" : 569344,
            "99.950000" : 577536,
            "99.990000" : 593920
          }
        },
        "lat_ns" : {
          "min" : 293571,
          "max" : 3750259,
          "mean" : 320174.215103,
          "stddev" : 16035.332674,
          "N" : 92867
        },
        "bw_min" : 3145580,
        "bw_max" : 3188736,
        "bw_agg" : 100.000000,
        "bw_mean" : 3172175.932203,
        "bw_dev" : 11524.053896,
        "bw_samples" : 59,
        "iops_min" : 3071,
        "iops_max" : 3114,
        "iops_mean" : 3097.847458,
        "iops_stddev" : 11.273731,
        "iops_samples" : 59
      },
      "write" : {
        "io_bytes" : 0,
        "io_kbytes" : 0,
        "bw_bytes" : 0,
        "bw" : 0,
        "iops" : 0.000000,
        "runtime" : 0,
        "total_ios" : 0,
        "short_ios" : 0,
        "drop_ios" : 0,
        "slat_ns" : {
          "min" : 0,
          "max" : 0,
          "mean" : 0.000000,
          "stddev" : 0.000000,
          "N" : 0
        },
        "clat_ns" : {
          "min" : 0,
          "max" : 0,
          "mean" : 0.000000,
          "stddev" : 0.000000,
          "N" : 0
        },
        "lat_ns" : {
          "min" : 0,
          "max" : 0,
          "mean" : 0.000000,
          "stddev" : 0.000000,
          "N" : 0
        },
        "bw_min" : 0,
        "bw_max" : 0,
        "bw_agg" : 0.000000,
        "bw_mean" : 0.000000,
        "bw_dev" : 0.000000,
        "bw_samples" : 0,
        "iops_min" : 0,
        "iops_max" : 0,
        "iops_mean" : 0.000000,
        "iops_stddev" : 0.000000,
        "iops_samples" : 0
      },
      "trim" : {
        "io_bytes" : 0,
        "io_kbytes" : 0,
        "bw_bytes" : 0,
        "bw" : 0,
        "iops" : 0.000000,
        "runtime" : 0,
        "total_ios" : 0,
        "short_ios" : 0,
        "drop_ios" : 0,
        "slat_ns" : {
          "min" : 0,
          "max" : 0,
          "mean" : 0.000000,
          "stddev" : 0.000000,
          "N" : 0
        },
        "clat_ns" : {
          "min" : 0,
          "max" : 0,
          "mean" : 0.000000,
          "stddev" : 0.000000,
          "N" : 0
        },
        "lat_ns" : {
          "min" : 0,
          "max" : 0,
          "mean" : 0.000000,
          "stddev" : 0.000000,
          "N" : 0
        },
        "bw_min" : 0,
        "bw_max" : 0,
        "bw_agg" : 0.000000,
        "bw_mean" : 0.000000,
        "bw_dev" : 0.000000,
        "bw_samples" : 0,
        "iops_min" : 0,
        "iops_max" : 0,
        "iops_mean" : 0.000000,
        "iops_stddev" : 0.000000,
        "iops_samples" : 0
      },
      "sync" : {
        "total_ios" : 0,
        "lat_ns" : {
          "min" : 0,
          "max" : 0,
          "mean" : 0.000000,
          "stddev" : 0.000000,
          "N" : 0
        }
      },
      "job_runtime" : 30000,
      "usr_cpu" : 0.090000,
      "sys_cpu" : 41.113333,
      "ctx" : 371130,
      "majf" : 0,
      "minf" : 267,
      "iodepth_level" : {
        "1" : 100.000000,
        "2" : 0.000000,
        "4" : 0.000000,
        "8" : 0.000000,
        "16" : 0.000000,
        "32" : 0.000000,
        ">=64" : 0.000000
      },
      "iodepth_submit" : {
        "0" : 0.000000,
        "4" : 100.000000,
        "8" : 0.000000,
        "16" : 0.000000,
        "32" : 0.000000,
        "64" : 0.000000,
        ">=64" : 0.000000
      },
      "iodepth_complete" : {
        "0" : 0.000000,
        "4" : 100.000000,
        "8" : 0.000000,
        "16" : 0.000000,
        "32" : 0.000000,
        "64" : 0.000000,
        ">=64" : 0.000000
      },
      "latency_ns" : {
        "2" : 0.000000,
        "4" : 0.000000,
        "10" : 0.000000,
        "20" : 0.000000,
        "50" : 0.000000,
        "100" : 0.000000,
        "250" : 0.000000,
        "500" : 0.000000,
        "750" : 0.000000,
        "1000" : 0.000000
      },
      "latency_us" : {
        "2" : 0.000000,
        "4" : 0.000000,
        "10" : 0.000000,
        "20" : 0.000000,
        "50" : 0.000000,
        "100" : 0.000000,
        "250" : 0.000000,
        "500" : 99.884781,
        "750" : 0.113065,
        "1000" : 0.000000
      },
      "latency_ms" : {
        "2" : 0.010000,
        "4" : 0.010000,
        "10" : 0.000000,
        "20" : 0.000000,
        "50" : 0.000000,
        "100" : 0.000000,
        "250" : 0.000000,
        "500" : 0.000000,
        "750" : 0.000000,
        "1000" : 0.000000,
        "2000" : 0.000000,
        ">=2000" : 0.000000
      },
      "latency_depth" : 1,
      "latency_target" : 0,
      "latency_percentile" : 100.000000,
      "latency_window" : 0
    }
  ],
  "disk_util" : [
    {
      "name" : "dm-0",
      "read_ios" : 370181,
      "write_ios" : 23,
      "read_sectors" : 189532672,
      "write_sectors" : 184,
      "read_merges" : 0,
      "write_merges" : 0,
      "read_ticks" : 50894,
      "write_ticks" : 202,
      "in_queue" : 51096,
      "util" : 98.869020,
      "aggr_read_ios" : 742938,
      "aggr_write_ios" : 13,
      "aggr_read_sectors" : 190192128,
      "aggr_write_sectors" : 184,
      "aggr_read_merges" : 0,
      "aggr_write_merge" : 10,
      "aggr_read_ticks" : 94820,
      "aggr_write_ticks" : 204,
      "aggr_in_queue" : 95025,
      "aggr_util" : 70.849812
    },
    {
      "name" : "nvme0n1",
      "read_ios" : 742938,
      "write_ios" : 13,
      "read_sectors" : 190192128,
      "write_sectors" : 184,
      "read_merges" : 0,
      "write_merges" : 10,
      "read_ticks" : 94820,
      "write_ticks" : 204,
      "in_queue" : 95025,
      "util" : 70.849812
    }
  ]
}
