{
  "fio version" : "fio-3.41",
  "timestamp" : 1783661442,
  "timestamp_ms" : 1783661442255,
  "time" : "Fri Jul 10 14:30:42 2026",
  "jobs" : [
    {
      "jobname" : "rand_read",
      "groupid" : 0,
      "job_start" : 1783661412216,
      "error" : 0,
      "eta" : 0,
      "elapsed" : 31,
      "job options" : {
        "name" : "rand_read",
        "directory" : "/home/kitalab/benchmark/2026-07-10-14-27/storage",
        "rw" : "randread",
        "bs" : "4k",
        "size" : "1G",
        "numjobs" : "4",
        "iodepth" : "32",
        "runtime" : "30",
        "time_based" : "",
        "group_reporting" : ""
      },
      "read" : {
        "io_bytes" : 8227762176,
        "io_kbytes" : 8034924,
        "bw_bytes" : 274249597,
        "bw" : 267821,
        "iops" : 66955.468151,
        "runtime" : 30001,
        "total_ios" : 2008731,
        "short_ios" : 0,
        "drop_ios" : 0,
        "slat_ns" : {
          "min" : 0,
          "max" : 0,
          "mean" : 0.000000,
          "stddev" : 0.000000,
          "N" : 0
        },
        "clat_ns" : {
          "min" : 43173,
          "max" : 1869295,
          "mean" : 59298.005425,
          "stddev" : 9903.800009,
          "N" : 2008731,
          "percentile" : {
            "1.000000" : 53504,
            "5.000000" : 54528,
            "10.000000" : 55040,
            "20.000000" : 55552,
            "30.000000" : 56064,
            "40.000000" : 56576,
            "50.000000" : 56576,
            "60.000000" : 57088,
            "70.000000" : 57600,
            "80.000000" : 58112,
            "90.000000" : 65280,
            "95.000000" : 78336,
            "99.000000" : 92672,
            "99.500000" : 105984,
            "99.900000" : 158720,
            "99.950000" : 181248,
            "99.990000" : 254976
          }
        },
        "lat_ns" : {
          "min" : 43271,
          "max" : 1870147,
          "mean" : 59329.165947,
          "stddev" : 9905.735745,
          "N" : 2008731
        },
        "bw_min" : 228200,
        "bw_max" : 272712,
        "bw_agg" : 100.000000,
        "bw_mean" : 268146.440678,
        "bw_dev" : 1475.531517,
        "bw_samples" : 236,
        "iops_min" : 57050,
        "iops_max" : 68178,
        "iops_mean" : 67036.610169,
        "iops_stddev" : 368.882879,
        "iops_samples" : 236
      },
      "write" : {
        "io_bytes" : 0,
        "io_kbytes" : 0,
        "bw_bytes" : 0,
        "bw" : 0,
        "iops" : 0.000000,
        "runtime" : 0,
        "total_ios" : 0,
        "short_ios" : 0,
        "drop_ios" : 0,
        "slat_ns" : {
          "min" : 0,
          "max" : 0,
          "mean" : 0.000000,
          "stddev" : 0.000000,
          "N" : 0
        },
        "clat_ns" : {
          "min" : 0,
          "max" : 0,
          "mean" : 0.000000,
          "stddev" : 0.000000,
          "N" : 0
        },
        "lat_ns" : {
          "min" : 0,
          "max" : 0,
          "mean" : 0.000000,
          "stddev" : 0.000000,
          "N" : 0
        },
        "bw_min" : 0,
        "bw_max" : 0,
        "bw_agg" : 0.000000,
        "bw_mean" : 0.000000,
        "bw_dev" : 0.000000,
        "bw_samples" : 0,
        "iops_min" : 0,
        "iops_max" : 0,
        "iops_mean" : 0.000000,
        "iops_stddev" : 0.000000,
        "iops_samples" : 0
      },
      "trim" : {
        "io_bytes" : 0,
        "io_kbytes" : 0,
        "bw_bytes" : 0,
        "bw" : 0,
        "iops" : 0.000000,
        "runtime" : 0,
        "total_ios" : 0,
        "short_ios" : 0,
        "drop_ios" : 0,
        "slat_ns" : {
          "min" : 0,
          "max" : 0,
          "mean" : 0.000000,
          "stddev" : 0.000000,
          "N" : 0
        },
        "clat_ns" : {
          "min" : 0,
          "max" : 0,
          "mean" : 0.000000,
          "stddev" : 0.000000,
          "N" : 0
        },
        "lat_ns" : {
          "min" : 0,
          "max" : 0,
          "mean" : 0.000000,
          "stddev" : 0.000000,
          "N" : 0
        },
        "bw_min" : 0,
        "bw_max" : 0,
        "bw_agg" : 0.000000,
        "bw_mean" : 0.000000,
        "bw_dev" : 0.000000,
        "bw_samples" : 0,
        "iops_min" : 0,
        "iops_max" : 0,
        "iops_mean" : 0.000000,
        "iops_stddev" : 0.000000,
        "iops_samples" : 0
      },
      "sync" : {
        "total_ios" : 0,
        "lat_ns" : {
          "min" : 0,
          "max" : 0,
          "mean" : 0.000000,
          "stddev" : 0.000000,
          "N" : 0
        }
      },
      "job_runtime" : 120000,
      "usr_cpu" : 0.941667,
      "sys_cpu" : 6.578333,
      "ctx" : 2008749,
      "majf" : 0,
      "minf" : 47,
      "iodepth_level" : {
        "1" : 100.000000,
        "2" : 0.000000,
        "4" : 0.000000,
        "8" : 0.000000,
        "16" : 0.000000,
        "32" : 0.000000,
        ">=64" : 0.000000
      },
      "iodepth_submit" : {
        "0" : 0.000000,
        "4" : 100.000000,
        "8" : 0.000000,
        "16" : 0.000000,
        "32" : 0.000000,
        "64" : 0.000000,
        ">=64" : 0.000000
      },
      "iodepth_complete" : {
        "0" : 0.000000,
        "4" : 100.000000,
        "8" : 0.000000,
        "16" : 0.000000,
        "32" : 0.000000,
        "64" : 0.000000,
        ">=64" : 0.000000
      },
      "latency_ns" : {
        "2" : 0.000000,
        "4" : 0.000000,
        "10" : 0.000000,
        "20" : 0.000000,
        "50" : 0.000000,
        "100" : 0.000000,
        "250" : 0.000000,
        "500" : 0.000000,
        "750" : 0.000000,
        "1000" : 0.000000
      },
      "latency_us" : {
        "2" : 0.000000,
        "4" : 0.000000,
        "10" : 0.000000,
        "20" : 0.000000,
        "50" : 0.082490,
        "100" : 99.345408,
        "250" : 0.561349,
        "500" : 0.010156,
        "750" : 0.000000,
        "1000" : 0.010000
      },
      "latency_ms" : {
        "2" : 0.010000,
        "4" : 0.000000,
        "10" : 0.000000,
        "20" : 0.000000,
        "50" : 0.000000,
        "100" : 0.000000,
        "250" : 0.000000,
        "500" : 0.000000,
        "750" : 0.000000,
        "1000" : 0.000000,
        "2000" : 0.000000,
        ">=2000" : 0.000000
      },
      "latency_depth" : 32,
      "latency_target" : 0,
      "latency_percentile" : 100.000000,
      "latency_window" : 0
    }
  ],
  "disk_util" : [
    {
      "name" : "dm-0",
      "read_ios" : 2008638,
      "write_ios" : 108,
      "read_sectors" : 16069104,
      "write_sectors" : 1240,
      "read_merges" : 0,
      "write_merges" : 0,
      "read_ticks" : 111288,
      "write_ticks" : 5156,
      "in_queue" : 116444,
      "util" : 99.760511,
      "aggr_read_ios" : 2008731,
      "aggr_write_ios" : 72,
      "aggr_read_sectors" : 16069848,
      "aggr_write_sectors" : 1248,
      "aggr_read_merges" : 0,
      "aggr_write_merge" : 37,
      "aggr_read_ticks" : 112126,
      "aggr_write_ticks" : 7376,
      "aggr_in_queue" : 119504,
      "aggr_util" : 78.060699
    },
    {
      "name" : "nvme0n1",
      "read_ios" : 2008731,
      "write_ios" : 72,
      "read_sectors" : 16069848,
      "write_sectors" : 1248,
      "read_merges" : 0,
      "write_merges" : 37,
      "read_ticks" : 112126,
      "write_ticks" : 7376,
      "in_queue" : 119504,
      "util" : 78.060699
    }
  ]
}
