{
  "fio version" : "fio-3.41",
  "timestamp" : 1783661347,
  "timestamp_ms" : 1783661347849,
  "time" : "Fri Jul 10 14:29:07 2026",
  "jobs" : [
    {
      "jobname" : "seq_write",
      "groupid" : 0,
      "job_start" : 1783661317795,
      "error" : 0,
      "eta" : 0,
      "elapsed" : 31,
      "job options" : {
        "name" : "seq_write",
        "directory" : "/home/kitalab/benchmark/2026-07-10-14-27/storage",
        "rw" : "write",
        "bs" : "1M",
        "size" : "1G",
        "numjobs" : "1",
        "runtime" : "30",
        "time_based" : "",
        "group_reporting" : ""
      },
      "read" : {
        "io_bytes" : 0,
        "io_kbytes" : 0,
        "bw_bytes" : 0,
        "bw" : 0,
        "iops" : 0.000000,
        "runtime" : 0,
        "total_ios" : 0,
        "short_ios" : 0,
        "drop_ios" : 0,
        "slat_ns" : {
          "min" : 0,
          "max" : 0,
          "mean" : 0.000000,
          "stddev" : 0.000000,
          "N" : 0
        },
        "clat_ns" : {
          "min" : 0,
          "max" : 0,
          "mean" : 0.000000,
          "stddev" : 0.000000,
          "N" : 0
        },
        "lat_ns" : {
          "min" : 0,
          "max" : 0,
          "mean" : 0.000000,
          "stddev" : 0.000000,
          "N" : 0
        },
        "bw_min" : 0,
        "bw_max" : 0,
        "bw_agg" : 0.000000,
        "bw_mean" : 0.000000,
        "bw_dev" : 0.000000,
        "bw_samples" : 0,
        "iops_min" : 0,
        "iops_max" : 0,
        "iops_mean" : 0.000000,
        "iops_stddev" : 0.000000,
        "iops_samples" : 0
      },
      "write" : {
        "io_bytes" : 77793853440,
        "io_kbytes" : 75970560,
        "bw_bytes" : 2593042013,
        "bw" : 2532267,
        "iops" : 2472.917569,
        "runtime" : 30001,
        "total_ios" : 74190,
        "short_ios" : 0,
        "drop_ios" : 0,
        "slat_ns" : {
          "min" : 0,
          "max" : 0,
          "mean" : 0.000000,
          "stddev" : 0.000000,
          "N" : 0
        },
        "clat_ns" : {
          "min" : 72873,
          "max" : 857698,
          "mean" : 117126.622779,
          "stddev" : 13422.076435,
          "N" : 74190,
          "percentile" : {
            "1.000000" : 78336,
            "5.000000" : 110080,
            "10.000000" : 111104,
            "20.000000" : 112128,
            "30.000000" : 113152,
            "40.000000" : 115200,
            "50.000000" : 116224,
            "60.000000" : 118272,
            "70.000000" : 120320,
            "80.000000" : 122368,
            "90.000000" : 125440,
            "95.000000" : 127488,
            "99.000000" : 138240,
            "99.500000" : 150528,
            "99.900000" : 173056,
            "99.950000" : 248832,
            "99.990000" : 823296
          }
        },
        "lat_ns" : {
          "min" : 76475,
          "max" : 863684,
          "mean" : 121823.885834,
          "stddev" : 13934.538868,
          "N" : 74190
        },
        "bw_min" : 2092966,
        "bw_max" : 3602432,
        "bw_agg" : 99.892089,
        "bw_mean" : 2529535.847458,
        "bw_dev" : 540741.247593,
        "bw_samples" : 59,
        "iops_min" : 2043,
        "iops_max" : 3518,
        "iops_mean" : 2470.220339,
        "iops_stddev" : 528.072620,
        "iops_samples" : 59
      },
      "trim" : {
        "io_bytes" : 0,
        "io_kbytes" : 0,
        "bw_bytes" : 0,
        "bw" : 0,
        "iops" : 0.000000,
        "runtime" : 0,
        "total_ios" : 0,
        "short_ios" : 0,
        "drop_ios" : 0,
        "slat_ns" : {
          "min" : 0,
          "max" : 0,
          "mean" : 0.000000,
          "stddev" : 0.000000,
          "N" : 0
        },
        "clat_ns" : {
          "min" : 0,
          "max" : 0,
          "mean" : 0.000000,
          "stddev" : 0.000000,
          "N" : 0
        },
        "lat_ns" : {
          "min" : 0,
          "max" : 0,
          "mean" : 0.000000,
          "stddev" : 0.000000,
          "N" : 0
        },
        "bw_min" : 0,
        "bw_max" : 0,
        "bw_agg" : 0.000000,
        "bw_mean" : 0.000000,
        "bw_dev" : 0.000000,
        "bw_samples" : 0,
        "iops_min" : 0,
        "iops_max" : 0,
        "iops_mean" : 0.000000,
        "iops_stddev" : 0.000000,
        "iops_samples" : 0
      },
      "sync" : {
        "total_ios" : 0,
        "lat_ns" : {
          "min" : 0,
          "max" : 0,
          "mean" : 0.000000,
          "stddev" : 0.000000,
          "N" : 0
        }
      },
      "job_runtime" : 30000,
      "usr_cpu" : 1.126667,
      "sys_cpu" : 39.040000,
      "ctx" : 2018,
      "majf" : 0,
      "minf" : 10,
      "iodepth_level" : {
        "1" : 100.000000,
        "2" : 0.000000,
        "4" : 0.000000,
        "8" : 0.000000,
        "16" : 0.000000,
        "32" : 0.000000,
        ">=64" : 0.000000
      },
      "iodepth_submit" : {
        "0" : 0.000000,
        "4" : 100.000000,
        "8" : 0.000000,
        "16" : 0.000000,
        "32" : 0.000000,
        "64" : 0.000000,
        ">=64" : 0.000000
      },
      "iodepth_complete" : {
        "0" : 0.000000,
        "4" : 100.000000,
        "8" : 0.000000,
        "16" : 0.000000,
        "32" : 0.000000,
        "64" : 0.000000,
        ">=64" : 0.000000
      },
      "latency_ns" : {
        "2" : 0.000000,
        "4" : 0.000000,
        "10" : 0.000000,
        "20" : 0.000000,
        "50" : 0.000000,
        "100" : 0.000000,
        "250" : 0.000000,
        "500" : 0.000000,
        "750" : 0.000000,
        "1000" : 0.000000
      },
      "latency_us" : {
        "2" : 0.000000,
        "4" : 0.000000,
        "10" : 0.000000,
        "20" : 0.000000,
        "50" : 0.000000,
        "100" : 2.062273,
        "250" : 97.887856,
        "500" : 0.032349,
        "750" : 0.010000,
        "1000" : 0.016175
      },
      "latency_ms" : {
        "2" : 0.000000,
        "4" : 0.000000,
        "10" : 0.000000,
        "20" : 0.000000,
        "50" : 0.000000,
        "100" : 0.000000,
        "250" : 0.000000,
        "500" : 0.000000,
        "750" : 0.000000,
        "1000" : 0.000000,
        "2000" : 0.000000,
        ">=2000" : 0.000000
      },
      "latency_depth" : 1,
      "latency_target" : 0,
      "latency_percentile" : 100.000000,
      "latency_window" : 0
    }
  ],
  "disk_util" : [
    {
      "name" : "dm-0",
      "read_ios" : 0,
      "write_ios" : 540,
      "read_sectors" : 0,
      "write_sectors" : 150471128,
      "read_merges" : 0,
      "write_merges" : 0,
      "read_ticks" : 0,
      "write_ticks" : 20910,
      "in_queue" : 20910,
      "util" : 67.936815,
      "aggr_read_ios" : 0,
      "aggr_write_ios" : 589846,
      "aggr_read_sectors" : 0,
      "aggr_write_sectors" : 150995416,
      "aggr_read_merges" : 0,
      "aggr_write_merge" : 37,
      "aggr_read_ticks" : 0,
      "aggr_write_ticks" : 4203667,
      "aggr_in_queue" : 4203672,
      "aggr_util" : 64.803113
    },
    {
      "name" : "nvme0n1",
      "read_ios" : 0,
      "write_ios" : 589846,
      "read_sectors" : 0,
      "write_sectors" : 150995416,
      "read_merges" : 0,
      "write_merges" : 37,
      "read_ticks" : 0,
      "write_ticks" : 4203667,
      "in_queue" : 4203672,
      "util" : 64.803113
    }
  ]
}
