{
  "fio version" : "fio-3.41",
  "timestamp" : 1783658087,
  "timestamp_ms" : 1783658087138,
  "time" : "Fri Jul 10 13:34:47 2026",
  "jobs" : [
    {
      "jobname" : "seq_write",
      "groupid" : 0,
      "job_start" : 1783658056742,
      "error" : 0,
      "eta" : 0,
      "elapsed" : 31,
      "job options" : {
        "name" : "seq_write",
        "directory" : "/home/kitalab/benchmark/2026-07-10-13-33/storage",
        "rw" : "write",
        "bs" : "1M",
        "size" : "1G",
        "numjobs" : "1",
        "runtime" : "30",
        "time_based" : "",
        "group_reporting" : ""
      },
      "read" : {
        "io_bytes" : 0,
        "io_kbytes" : 0,
        "bw_bytes" : 0,
        "bw" : 0,
        "iops" : 0.000000,
        "runtime" : 0,
        "total_ios" : 0,
        "short_ios" : 0,
        "drop_ios" : 0,
        "slat_ns" : {
          "min" : 0,
          "max" : 0,
          "mean" : 0.000000,
          "stddev" : 0.000000,
          "N" : 0
        },
        "clat_ns" : {
          "min" : 0,
          "max" : 0,
          "mean" : 0.000000,
          "stddev" : 0.000000,
          "N" : 0
        },
        "lat_ns" : {
          "min" : 0,
          "max" : 0,
          "mean" : 0.000000,
          "stddev" : 0.000000,
          "N" : 0
        },
        "bw_min" : 0,
        "bw_max" : 0,
        "bw_agg" : 0.000000,
        "bw_mean" : 0.000000,
        "bw_dev" : 0.000000,
        "bw_samples" : 0,
        "iops_min" : 0,
        "iops_max" : 0,
        "iops_mean" : 0.000000,
        "iops_stddev" : 0.000000,
        "iops_samples" : 0
      },
      "write" : {
        "io_bytes" : 78384201728,
        "io_kbytes" : 76547072,
        "bw_bytes" : 2598084246,
        "bw" : 2537191,
        "iops" : 2477.726218,
        "runtime" : 30170,
        "total_ios" : 74753,
        "short_ios" : 0,
        "drop_ios" : 0,
        "slat_ns" : {
          "min" : 0,
          "max" : 0,
          "mean" : 0.000000,
          "stddev" : 0.000000,
          "N" : 0
        },
        "clat_ns" : {
          "min" : 74515,
          "max" : 699455,
          "mean" : 116559.128075,
          "stddev" : 8347.786588,
          "N" : 74753,
          "percentile" : {
            "1.000000" : 108032,
            "5.000000" : 110080,
            "10.000000" : 111104,
            "20.000000" : 112128,
            "30.000000" : 113152,
            "40.000000" : 114176,
            "50.000000" : 115200,
            "60.000000" : 117248,
            "70.000000" : 118272,
            "80.000000" : 120320,
            "90.000000" : 123392,
            "95.000000" : 125440,
            "99.000000" : 136192,
            "99.500000" : 146432,
            "99.900000" : 171008,
            "99.950000" : 216064,
            "99.990000" : 419840
          }
        },
        "lat_ns" : {
          "min" : 77715,
          "max" : 703583,
          "mean" : 121182.973473,
          "stddev" : 8706.206108,
          "N" : 74753
        },
        "bw_min" : 2092966,
        "bw_max" : 3655680,
        "bw_agg" : 100.000000,
        "bw_mean" : 2551242.416667,
        "bw_dev" : 560579.965979,
        "bw_samples" : 60,
        "iops_min" : 2043,
        "iops_max" : 3570,
        "iops_mean" : 2491.416667,
        "iops_stddev" : 547.423806,
        "iops_samples" : 60
      },
      "trim" : {
        "io_bytes" : 0,
        "io_kbytes" : 0,
        "bw_bytes" : 0,
        "bw" : 0,
        "iops" : 0.000000,
        "runtime" : 0,
        "total_ios" : 0,
        "short_ios" : 0,
        "drop_ios" : 0,
        "slat_ns" : {
          "min" : 0,
          "max" : 0,
          "mean" : 0.000000,
          "stddev" : 0.000000,
          "N" : 0
        },
        "clat_ns" : {
          "min" : 0,
          "max" : 0,
          "mean" : 0.000000,
          "stddev" : 0.000000,
          "N" : 0
        },
        "lat_ns" : {
          "min" : 0,
          "max" : 0,
          "mean" : 0.000000,
          "stddev" : 0.000000,
          "N" : 0
        },
        "bw_min" : 0,
        "bw_max" : 0,
        "bw_agg" : 0.000000,
        "bw_mean" : 0.000000,
        "bw_dev" : 0.000000,
        "bw_samples" : 0,
        "iops_min" : 0,
        "iops_max" : 0,
        "iops_mean" : 0.000000,
        "iops_stddev" : 0.000000,
        "iops_samples" : 0
      },
      "sync" : {
        "total_ios" : 0,
        "lat_ns" : {
          "min" : 0,
          "max" : 0,
          "mean" : 0.000000,
          "stddev" : 0.000000,
          "N" : 0
        }
      },
      "job_runtime" : 30169,
      "usr_cpu" : 1.143558,
      "sys_cpu" : 38.652259,
      "ctx" : 2048,
      "majf" : 0,
      "minf" : 12,
      "iodepth_level" : {
        "1" : 100.000000,
        "2" : 0.000000,
        "4" : 0.000000,
        "8" : 0.000000,
        "16" : 0.000000,
        "32" : 0.000000,
        ">=64" : 0.000000
      },
      "iodepth_submit" : {
        "0" : 0.000000,
        "4" : 100.000000,
        "8" : 0.000000,
        "16" : 0.000000,
        "32" : 0.000000,
        "64" : 0.000000,
        ">=64" : 0.000000
      },
      "iodepth_complete" : {
        "0" : 0.000000,
        "4" : 100.000000,
        "8" : 0.000000,
        "16" : 0.000000,
        "32" : 0.000000,
        "64" : 0.000000,
        ">=64" : 0.000000
      },
      "latency_ns" : {
        "2" : 0.000000,
        "4" : 0.000000,
        "10" : 0.000000,
        "20" : 0.000000,
        "50" : 0.000000,
        "100" : 0.000000,
        "250" : 0.000000,
        "500" : 0.000000,
        "750" : 0.000000,
        "1000" : 0.000000
      },
      "latency_us" : {
        "2" : 0.000000,
        "4" : 0.000000,
        "10" : 0.000000,
        "20" : 0.000000,
        "50" : 0.000000,
        "100" : 0.362527,
        "250" : 99.600016,
        "500" : 0.034781,
        "750" : 0.010000,
        "1000" : 0.000000
      },
      "latency_ms" : {
        "2" : 0.000000,
        "4" : 0.000000,
        "10" : 0.000000,
        "20" : 0.000000,
        "50" : 0.000000,
        "100" : 0.000000,
        "250" : 0.000000,
        "500" : 0.000000,
        "750" : 0.000000,
        "1000" : 0.000000,
        "2000" : 0.000000,
        ">=2000" : 0.000000
      },
      "latency_depth" : 1,
      "latency_target" : 0,
      "latency_percentile" : 100.000000,
      "latency_window" : 0
    }
  ],
  "disk_util" : [
    {
      "name" : "dm-0",
      "read_ios" : 0,
      "write_ios" : 1179,
      "read_sectors" : 0,
      "write_sectors" : 152488296,
      "read_merges" : 0,
      "write_merges" : 0,
      "read_ticks" : 0,
      "write_ticks" : 25749,
      "in_queue" : 25749,
      "util" : 68.505945,
      "aggr_read_ios" : 0,
      "aggr_write_ios" : 598031,
      "aggr_read_sectors" : 0,
      "aggr_write_sectors" : 153092456,
      "aggr_read_merges" : 0,
      "aggr_write_merge" : 30,
      "aggr_read_ticks" : 0,
      "aggr_write_ticks" : 4251703,
      "aggr_in_queue" : 4251714,
      "aggr_util" : 65.221417
    },
    {
      "name" : "nvme0n1",
      "read_ios" : 0,
      "write_ios" : 598031,
      "read_sectors" : 0,
      "write_sectors" : 153092456,
      "read_merges" : 0,
      "write_merges" : 30,
      "read_ticks" : 0,
      "write_ticks" : 4251703,
      "in_queue" : 4251714,
      "util" : 65.221417
    }
  ]
}
