{
  "fio version" : "fio-3.41",
  "timestamp" : 1783658148,
  "timestamp_ms" : 1783658148839,
  "time" : "Fri Jul 10 13:35:48 2026",
  "jobs" : [
    {
      "jobname" : "rand_write",
      "groupid" : 0,
      "job_start" : 1783658118193,
      "error" : 0,
      "eta" : 0,
      "elapsed" : 31,
      "job options" : {
        "name" : "rand_write",
        "directory" : "/home/kitalab/benchmark/2026-07-10-13-33/storage",
        "rw" : "randwrite",
        "bs" : "4k",
        "size" : "1G",
        "numjobs" : "4",
        "iodepth" : "32",
        "runtime" : "30",
        "time_based" : "",
        "group_reporting" : ""
      },
      "read" : {
        "io_bytes" : 0,
        "io_kbytes" : 0,
        "bw_bytes" : 0,
        "bw" : 0,
        "iops" : 0.000000,
        "runtime" : 0,
        "total_ios" : 0,
        "short_ios" : 0,
        "drop_ios" : 0,
        "slat_ns" : {
          "min" : 0,
          "max" : 0,
          "mean" : 0.000000,
          "stddev" : 0.000000,
          "N" : 0
        },
        "clat_ns" : {
          "min" : 0,
          "max" : 0,
          "mean" : 0.000000,
          "stddev" : 0.000000,
          "N" : 0
        },
        "lat_ns" : {
          "min" : 0,
          "max" : 0,
          "mean" : 0.000000,
          "stddev" : 0.000000,
          "N" : 0
        },
        "bw_min" : 0,
        "bw_max" : 0,
        "bw_agg" : 0.000000,
        "bw_mean" : 0.000000,
        "bw_dev" : 0.000000,
        "bw_samples" : 0,
        "iops_min" : 0,
        "iops_max" : 0,
        "iops_mean" : 0.000000,
        "iops_stddev" : 0.000000,
        "iops_samples" : 0
      },
      "write" : {
        "io_bytes" : 116954996736,
        "io_kbytes" : 114213864,
        "bw_bytes" : 3829818479,
        "bw" : 3740057,
        "iops" : 935014.277294,
        "runtime" : 30538,
        "total_ios" : 28553466,
        "short_ios" : 0,
        "drop_ios" : 0,
        "slat_ns" : {
          "min" : 0,
          "max" : 0,
          "mean" : 0.000000,
          "stddev" : 0.000000,
          "N" : 0
        },
        "clat_ns" : {
          "min" : 621,
          "max" : 29011772,
          "mean" : 1316.313363,
          "stddev" : 43160.709971,
          "N" : 28553466,
          "percentile" : {
            "1.000000" : 748,
            "5.000000" : 820,
            "10.000000" : 852,
            "20.000000" : 908,
            "30.000000" : 940,
            "40.000000" : 980,
            "50.000000" : 1020,
            "60.000000" : 1064,
            "70.000000" : 1112,
            "80.000000" : 1176,
            "90.000000" : 1320,
            "95.000000" : 1672,
            "99.000000" : 5088,
            "99.500000" : 6240,
            "99.900000" : 7904,
            "99.950000" : 19840,
            "99.990000" : 193536
          }
        },
        "lat_ns" : {
          "min" : 635,
          "max" : 29011788,
          "mean" : 1332.245381,
          "stddev" : 43160.721788,
          "N" : 28553466
        },
        "bw_min" : 251320,
        "bw_max" : 8388608,
        "bw_agg" : 100.000000,
        "bw_mean" : 4772445.360833,
        "bw_dev" : 653664.663933,
        "bw_samples" : 190,
        "iops_min" : 62834,
        "iops_max" : 2097152,
        "iops_mean" : 1193111.468788,
        "iops_stddev" : 163416.170841,
        "iops_samples" : 190
      },
      "trim" : {
        "io_bytes" : 0,
        "io_kbytes" : 0,
        "bw_bytes" : 0,
        "bw" : 0,
        "iops" : 0.000000,
        "runtime" : 0,
        "total_ios" : 0,
        "short_ios" : 0,
        "drop_ios" : 0,
        "slat_ns" : {
          "min" : 0,
          "max" : 0,
          "mean" : 0.000000,
          "stddev" : 0.000000,
          "N" : 0
        },
        "clat_ns" : {
          "min" : 0,
          "max" : 0,
          "mean" : 0.000000,
          "stddev" : 0.000000,
          "N" : 0
        },
        "lat_ns" : {
          "min" : 0,
          "max" : 0,
          "mean" : 0.000000,
          "stddev" : 0.000000,
          "N" : 0
        },
        "bw_min" : 0,
        "bw_max" : 0,
        "bw_agg" : 0.000000,
        "bw_mean" : 0.000000,
        "bw_dev" : 0.000000,
        "bw_samples" : 0,
        "iops_min" : 0,
        "iops_max" : 0,
        "iops_mean" : 0.000000,
        "iops_stddev" : 0.000000,
        "iops_samples" : 0
      },
      "sync" : {
        "total_ios" : 0,
        "lat_ns" : {
          "min" : 0,
          "max" : 0,
          "mean" : 0.000000,
          "stddev" : 0.000000,
          "N" : 0
        }
      },
      "job_runtime" : 121198,
      "usr_cpu" : 3.744286,
      "sys_cpu" : 49.728543,
      "ctx" : 414606,
      "majf" : 0,
      "minf" : 41,
      "iodepth_level" : {
        "1" : 100.000000,
        "2" : 0.000000,
        "4" : 0.000000,
        "8" : 0.000000,
        "16" : 0.000000,
        "32" : 0.000000,
        ">=64" : 0.000000
      },
      "iodepth_submit" : {
        "0" : 0.000000,
        "4" : 100.000000,
        "8" : 0.000000,
        "16" : 0.000000,
        "32" : 0.000000,
        "64" : 0.000000,
        ">=64" : 0.000000
      },
      "iodepth_complete" : {
        "0" : 0.000000,
        "4" : 100.000000,
        "8" : 0.000000,
        "16" : 0.000000,
        "32" : 0.000000,
        "64" : 0.000000,
        ">=64" : 0.000000
      },
      "latency_ns" : {
        "2" : 0.000000,
        "4" : 0.000000,
        "10" : 0.000000,
        "20" : 0.000000,
        "50" : 0.000000,
        "100" : 0.000000,
        "250" : 0.000000,
        "500" : 0.000000,
        "750" : 1.001689,
        "1000" : 43.910771
      },
      "latency_us" : {
        "2" : 50.531428,
        "4" : 3.262241,
        "10" : 1.237983,
        "20" : 0.010000,
        "50" : 0.010000,
        "100" : 0.020477,
        "250" : 0.022365,
        "500" : 0.010000,
        "750" : 0.000000,
        "1000" : 0.000000
      },
      "latency_ms" : {
        "2" : 0.000000,
        "4" : 0.010000,
        "10" : 0.010000,
        "20" : 0.010000,
        "50" : 0.010000,
        "100" : 0.000000,
        "250" : 0.000000,
        "500" : 0.000000,
        "750" : 0.000000,
        "1000" : 0.000000,
        "2000" : 0.000000,
        ">=2000" : 0.000000
      },
      "latency_depth" : 32,
      "latency_target" : 0,
      "latency_percentile" : 100.000000,
      "latency_window" : 0
    }
  ],
  "disk_util" : [
    {
      "name" : "dm-0",
      "read_ios" : 0,
      "write_ios" : 1183194,
      "read_sectors" : 0,
      "write_sectors" : 226817128,
      "read_merges" : 0,
      "write_merges" : 0,
      "read_ticks" : 0,
      "write_ticks" : 2382441,
      "in_queue" : 2382441,
      "util" : 98.670649,
      "aggr_read_ios" : 0,
      "aggr_write_ios" : 1835404,
      "aggr_read_sectors" : 0,
      "aggr_write_sectors" : 226990800,
      "aggr_read_merges" : 0,
      "aggr_write_merge" : 762,
      "aggr_read_ticks" : 0,
      "aggr_write_ticks" : 12353776,
      "aggr_in_queue" : 12353790,
      "aggr_util" : 81.143660
    },
    {
      "name" : "nvme0n1",
      "read_ios" : 0,
      "write_ios" : 1835404,
      "read_sectors" : 0,
      "write_sectors" : 226990800,
      "read_merges" : 0,
      "write_merges" : 762,
      "read_ticks" : 0,
      "write_ticks" : 12353776,
      "in_queue" : 12353790,
      "util" : 81.143660
    }
  ]
}
