{
  "fio version" : "fio-3.41",
  "timestamp" : 1783658117,
  "timestamp_ms" : 1783658117927,
  "time" : "Fri Jul 10 13:35:17 2026",
  "jobs" : [
    {
      "jobname" : "seq_read",
      "groupid" : 0,
      "job_start" : 1783658087901,
      "error" : 0,
      "eta" : 0,
      "elapsed" : 31,
      "job options" : {
        "name" : "seq_read",
        "directory" : "/home/kitalab/benchmark/2026-07-10-13-33/storage",
        "rw" : "read",
        "bs" : "1M",
        "size" : "1G",
        "numjobs" : "1",
        "runtime" : "30",
        "time_based" : "",
        "group_reporting" : ""
      },
      "read" : {
        "io_bytes" : 97338261504,
        "io_kbytes" : 95056896,
        "bw_bytes" : 3244500566,
        "bw" : 3168457,
        "iops" : 3094.196860,
        "runtime" : 30001,
        "total_ios" : 92829,
        "short_ios" : 0,
        "drop_ios" : 0,
        "slat_ns" : {
          "min" : 0,
          "max" : 0,
          "mean" : 0.000000,
          "stddev" : 0.000000,
          "N" : 0
        },
        "clat_ns" : {
          "min" : 292769,
          "max" : 3674015,
          "mean" : 320449.729675,
          "stddev" : 16830.960708,
          "N" : 92829,
          "percentile" : {
            "1.000000" : 301056,
            "5.000000" : 309248,
            "10.000000" : 317440,
            "20.000000" : 317440,
            "30.000000" : 317440,
            "40.000000" : 321536,
            "50.000000" : 321536,
            "60.000000" : 321536,
            "70.000000" : 321536,
            "80.000000" : 321536,
            "90.000000" : 325632,
            "95.000000" : 329728,
            "99.000000" : 337920,
            "99.500000" : 350208,
            "99.900000" : 585728,
            "99.950000" : 593920,
            "99.990000" : 626688
          }
        },
        "lat_ns" : {
          "min" : 292799,
          "max" : 3675122,
          "mean" : 320479.261826,
          "stddev" : 16836.269130,
          "N" : 92829
        },
        "bw_min" : 3133440,
        "bw_max" : 3186688,
        "bw_agg" : 100.000000,
        "bw_mean" : 3170963.525424,
        "bw_dev" : 10292.412447,
        "bw_samples" : 59,
        "iops_min" : 3060,
        "iops_max" : 3112,
        "iops_mean" : 3096.644068,
        "iops_stddev" : 10.051184,
        "iops_samples" : 59
      },
      "write" : {
        "io_bytes" : 0,
        "io_kbytes" : 0,
        "bw_bytes" : 0,
        "bw" : 0,
        "iops" : 0.000000,
        "runtime" : 0,
        "total_ios" : 0,
        "short_ios" : 0,
        "drop_ios" : 0,
        "slat_ns" : {
          "min" : 0,
          "max" : 0,
          "mean" : 0.000000,
          "stddev" : 0.000000,
          "N" : 0
        },
        "clat_ns" : {
          "min" : 0,
          "max" : 0,
          "mean" : 0.000000,
          "stddev" : 0.000000,
          "N" : 0
        },
        "lat_ns" : {
          "min" : 0,
          "max" : 0,
          "mean" : 0.000000,
          "stddev" : 0.000000,
          "N" : 0
        },
        "bw_min" : 0,
        "bw_max" : 0,
        "bw_agg" : 0.000000,
        "bw_mean" : 0.000000,
        "bw_dev" : 0.000000,
        "bw_samples" : 0,
        "iops_min" : 0,
        "iops_max" : 0,
        "iops_mean" : 0.000000,
        "iops_stddev" : 0.000000,
        "iops_samples" : 0
      },
      "trim" : {
        "io_bytes" : 0,
        "io_kbytes" : 0,
        "bw_bytes" : 0,
        "bw" : 0,
        "iops" : 0.000000,
        "runtime" : 0,
        "total_ios" : 0,
        "short_ios" : 0,
        "drop_ios" : 0,
        "slat_ns" : {
          "min" : 0,
          "max" : 0,
          "mean" : 0.000000,
          "stddev" : 0.000000,
          "N" : 0
        },
        "clat_ns" : {
          "min" : 0,
          "max" : 0,
          "mean" : 0.000000,
          "stddev" : 0.000000,
          "N" : 0
        },
        "lat_ns" : {
          "min" : 0,
          "max" : 0,
          "mean" : 0.000000,
          "stddev" : 0.000000,
          "N" : 0
        },
        "bw_min" : 0,
        "bw_max" : 0,
        "bw_agg" : 0.000000,
        "bw_mean" : 0.000000,
        "bw_dev" : 0.000000,
        "bw_samples" : 0,
        "iops_min" : 0,
        "iops_max" : 0,
        "iops_mean" : 0.000000,
        "iops_stddev" : 0.000000,
        "iops_samples" : 0
      },
      "sync" : {
        "total_ios" : 0,
        "lat_ns" : {
          "min" : 0,
          "max" : 0,
          "mean" : 0.000000,
          "stddev" : 0.000000,
          "N" : 0
        }
      },
      "job_runtime" : 30000,
      "usr_cpu" : 0.120000,
      "sys_cpu" : 40.853333,
      "ctx" : 370849,
      "majf" : 0,
      "minf" : 266,
      "iodepth_level" : {
        "1" : 100.000000,
        "2" : 0.000000,
        "4" : 0.000000,
        "8" : 0.000000,
        "16" : 0.000000,
        "32" : 0.000000,
        ">=64" : 0.000000
      },
      "iodepth_submit" : {
        "0" : 0.000000,
        "4" : 100.000000,
        "8" : 0.000000,
        "16" : 0.000000,
        "32" : 0.000000,
        "64" : 0.000000,
        ">=64" : 0.000000
      },
      "iodepth_complete" : {
        "0" : 0.000000,
        "4" : 100.000000,
        "8" : 0.000000,
        "16" : 0.000000,
        "32" : 0.000000,
        "64" : 0.000000,
        ">=64" : 0.000000
      },
      "latency_ns" : {
        "2" : 0.000000,
        "4" : 0.000000,
        "10" : 0.000000,
        "20" : 0.000000,
        "50" : 0.000000,
        "100" : 0.000000,
        "250" : 0.000000,
        "500" : 0.000000,
        "750" : 0.000000,
        "1000" : 0.000000
      },
      "latency_us" : {
        "2" : 0.000000,
        "4" : 0.000000,
        "10" : 0.000000,
        "20" : 0.000000,
        "50" : 0.000000,
        "100" : 0.000000,
        "250" : 0.000000,
        "500" : 99.867498,
        "750" : 0.128193,
        "1000" : 0.010000
      },
      "latency_ms" : {
        "2" : 0.010000,
        "4" : 0.010000,
        "10" : 0.000000,
        "20" : 0.000000,
        "50" : 0.000000,
        "100" : 0.000000,
        "250" : 0.000000,
        "500" : 0.000000,
        "750" : 0.000000,
        "1000" : 0.000000,
        "2000" : 0.000000,
        ">=2000" : 0.000000
      },
      "latency_depth" : 1,
      "latency_target" : 0,
      "latency_percentile" : 100.000000,
      "latency_window" : 0
    }
  ],
  "disk_util" : [
    {
      "name" : "dm-0",
      "read_ios" : 370079,
      "write_ios" : 54,
      "read_sectors" : 189480448,
      "write_sectors" : 2464,
      "read_merges" : 0,
      "write_merges" : 0,
      "read_ticks" : 50959,
      "write_ticks" : 837,
      "in_queue" : 51796,
      "util" : 98.942558,
      "aggr_read_ios" : 742634,
      "aggr_write_ios" : 33,
      "aggr_read_sectors" : 190114304,
      "aggr_write_sectors" : 2464,
      "aggr_read_merges" : 0,
      "aggr_write_merge" : 28,
      "aggr_read_ticks" : 94979,
      "aggr_write_ticks" : 841,
      "aggr_in_queue" : 95823,
      "aggr_util" : 70.982751
    },
    {
      "name" : "nvme0n1",
      "read_ios" : 742634,
      "write_ios" : 33,
      "read_sectors" : 190114304,
      "write_sectors" : 2464,
      "read_merges" : 0,
      "write_merges" : 28,
      "read_ticks" : 94979,
      "write_ticks" : 841,
      "in_queue" : 95823,
      "util" : 70.982751
    }
  ]
}
