{
  "fio version" : "fio-3.41",
  "timestamp" : 1783658181,
  "timestamp_ms" : 1783658181832,
  "time" : "Fri Jul 10 13:36:21 2026",
  "jobs" : [
    {
      "jobname" : "rand_read",
      "groupid" : 0,
      "job_start" : 1783658151794,
      "error" : 0,
      "eta" : 0,
      "elapsed" : 31,
      "job options" : {
        "name" : "rand_read",
        "directory" : "/home/kitalab/benchmark/2026-07-10-13-33/storage",
        "rw" : "randread",
        "bs" : "4k",
        "size" : "1G",
        "numjobs" : "4",
        "iodepth" : "32",
        "runtime" : "30",
        "time_based" : "",
        "group_reporting" : ""
      },
      "read" : {
        "io_bytes" : 8232751104,
        "io_kbytes" : 8039796,
        "bw_bytes" : 274415889,
        "bw" : 267984,
        "iops" : 66996.066798,
        "runtime" : 30001,
        "total_ios" : 2009949,
        "short_ios" : 0,
        "drop_ios" : 0,
        "slat_ns" : {
          "min" : 0,
          "max" : 0,
          "mean" : 0.000000,
          "stddev" : 0.000000,
          "N" : 0
        },
        "clat_ns" : {
          "min" : 45819,
          "max" : 1881045,
          "mean" : 59304.097881,
          "stddev" : 10186.947172,
          "N" : 2009949,
          "percentile" : {
            "1.000000" : 53504,
            "5.000000" : 54528,
            "10.000000" : 55040,
            "20.000000" : 55552,
            "30.000000" : 56064,
            "40.000000" : 56064,
            "50.000000" : 56576,
            "60.000000" : 57088,
            "70.000000" : 57600,
            "80.000000" : 58112,
            "90.000000" : 65280,
            "95.000000" : 78336,
            "99.000000" : 93696,
            "99.500000" : 111104,
            "99.900000" : 166912,
            "99.950000" : 185344,
            "99.990000" : 240640
          }
        },
        "lat_ns" : {
          "min" : 45840,
          "max" : 1881956,
          "mean" : 59333.243174,
          "stddev" : 10188.943369,
          "N" : 2009949
        },
        "bw_min" : 236536,
        "bw_max" : 272368,
        "bw_agg" : 100.000000,
        "bw_mean" : 268299.661017,
        "bw_dev" : 1237.245396,
        "bw_samples" : 236,
        "iops_min" : 59134,
        "iops_max" : 68092,
        "iops_mean" : 67074.915254,
        "iops_stddev" : 309.311349,
        "iops_samples" : 236
      },
      "write" : {
        "io_bytes" : 0,
        "io_kbytes" : 0,
        "bw_bytes" : 0,
        "bw" : 0,
        "iops" : 0.000000,
        "runtime" : 0,
        "total_ios" : 0,
        "short_ios" : 0,
        "drop_ios" : 0,
        "slat_ns" : {
          "min" : 0,
          "max" : 0,
          "mean" : 0.000000,
          "stddev" : 0.000000,
          "N" : 0
        },
        "clat_ns" : {
          "min" : 0,
          "max" : 0,
          "mean" : 0.000000,
          "stddev" : 0.000000,
          "N" : 0
        },
        "lat_ns" : {
          "min" : 0,
          "max" : 0,
          "mean" : 0.000000,
          "stddev" : 0.000000,
          "N" : 0
        },
        "bw_min" : 0,
        "bw_max" : 0,
        "bw_agg" : 0.000000,
        "bw_mean" : 0.000000,
        "bw_dev" : 0.000000,
        "bw_samples" : 0,
        "iops_min" : 0,
        "iops_max" : 0,
        "iops_mean" : 0.000000,
        "iops_stddev" : 0.000000,
        "iops_samples" : 0
      },
      "trim" : {
        "io_bytes" : 0,
        "io_kbytes" : 0,
        "bw_bytes" : 0,
        "bw" : 0,
        "iops" : 0.000000,
        "runtime" : 0,
        "total_ios" : 0,
        "short_ios" : 0,
        "drop_ios" : 0,
        "slat_ns" : {
          "min" : 0,
          "max" : 0,
          "mean" : 0.000000,
          "stddev" : 0.000000,
          "N" : 0
        },
        "clat_ns" : {
          "min" : 0,
          "max" : 0,
          "mean" : 0.000000,
          "stddev" : 0.000000,
          "N" : 0
        },
        "lat_ns" : {
          "min" : 0,
          "max" : 0,
          "mean" : 0.000000,
          "stddev" : 0.000000,
          "N" : 0
        },
        "bw_min" : 0,
        "bw_max" : 0,
        "bw_agg" : 0.000000,
        "bw_mean" : 0.000000,
        "bw_dev" : 0.000000,
        "bw_samples" : 0,
        "iops_min" : 0,
        "iops_max" : 0,
        "iops_mean" : 0.000000,
        "iops_stddev" : 0.000000,
        "iops_samples" : 0
      },
      "sync" : {
        "total_ios" : 0,
        "lat_ns" : {
          "min" : 0,
          "max" : 0,
          "mean" : 0.000000,
          "stddev" : 0.000000,
          "N" : 0
        }
      },
      "job_runtime" : 120000,
      "usr_cpu" : 0.871667,
      "sys_cpu" : 6.479167,
      "ctx" : 2010012,
      "majf" : 0,
      "minf" : 50,
      "iodepth_level" : {
        "1" : 100.000000,
        "2" : 0.000000,
        "4" : 0.000000,
        "8" : 0.000000,
        "16" : 0.000000,
        "32" : 0.000000,
        ">=64" : 0.000000
      },
      "iodepth_submit" : {
        "0" : 0.000000,
        "4" : 100.000000,
        "8" : 0.000000,
        "16" : 0.000000,
        "32" : 0.000000,
        "64" : 0.000000,
        ">=64" : 0.000000
      },
      "iodepth_complete" : {
        "0" : 0.000000,
        "4" : 100.000000,
        "8" : 0.000000,
        "16" : 0.000000,
        "32" : 0.000000,
        "64" : 0.000000,
        ">=64" : 0.000000
      },
      "latency_ns" : {
        "2" : 0.000000,
        "4" : 0.000000,
        "10" : 0.000000,
        "20" : 0.000000,
        "50" : 0.000000,
        "100" : 0.000000,
        "250" : 0.000000,
        "500" : 0.000000,
        "750" : 0.000000,
        "1000" : 0.000000
      },
      "latency_us" : {
        "2" : 0.000000,
        "4" : 0.000000,
        "10" : 0.000000,
        "20" : 0.000000,
        "50" : 0.020946,
        "100" : 99.331625,
        "250" : 0.639220,
        "500" : 0.010000,
        "750" : 0.000000,
        "1000" : 0.010000
      },
      "latency_ms" : {
        "2" : 0.010000,
        "4" : 0.000000,
        "10" : 0.000000,
        "20" : 0.000000,
        "50" : 0.000000,
        "100" : 0.000000,
        "250" : 0.000000,
        "500" : 0.000000,
        "750" : 0.000000,
        "1000" : 0.000000,
        "2000" : 0.000000,
        ">=2000" : 0.000000
      },
      "latency_depth" : 32,
      "latency_target" : 0,
      "latency_percentile" : 100.000000,
      "latency_window" : 0
    }
  ],
  "disk_util" : [
    {
      "name" : "dm-0",
      "read_ios" : 2006746,
      "write_ios" : 2566,
      "read_sectors" : 16053968,
      "write_sectors" : 35200,
      "read_merges" : 0,
      "write_merges" : 0,
      "read_ticks" : 111512,
      "write_ticks" : 5087,
      "in_queue" : 116599,
      "util" : 99.780139,
      "aggr_read_ios" : 2009949,
      "aggr_write_ios" : 2532,
      "aggr_read_sectors" : 16079592,
      "aggr_write_sectors" : 35200,
      "aggr_read_merges" : 0,
      "aggr_write_merge" : 34,
      "aggr_read_ticks" : 112288,
      "aggr_write_ticks" : 5092,
      "aggr_in_queue" : 117381,
      "aggr_util" : 78.682802
    },
    {
      "name" : "nvme0n1",
      "read_ios" : 2009949,
      "write_ios" : 2532,
      "read_sectors" : 16079592,
      "write_sectors" : 35200,
      "read_merges" : 0,
      "write_merges" : 34,
      "read_ticks" : 112288,
      "write_ticks" : 5092,
      "in_queue" : 117381,
      "util" : 78.682802
    }
  ]
}
