{
	"start":	{
		"connected":	[{
				"socket":	5,
				"local_host":	"192.168.50.208",
				"local_port":	45484,
				"remote_host":	"192.168.50.65",
				"remote_port":	5201
			}],
		"version":	"iperf 3.20",
		"system_info":	"Linux kitalab 7.0.0-27-generic #27-Ubuntu SMP PREEMPT_DYNAMIC Thu Jun 18 19:13:49 UTC 2026 x86_64",
		"timestamp":	{
			"time":	"Fri, 10 Jul 2026 06:43:59 GMT",
			"timesecs":	1783665839,
			"timemillisecs":	1783665839898
		},
		"connecting_to":	{
			"host":	"192.168.50.65",
			"port":	5201
		},
		"cookie":	"r64xbjrc3ll24mgenycldvsp6jqf3r76hbpz",
		"target_bitrate":	1000000000,
		"fq_rate":	0,
		"sock_bufsize":	0,
		"sndbuf_actual":	212992,
		"rcvbuf_actual":	212992,
		"test_start":	{
			"protocol":	"UDP",
			"num_streams":	1,
			"blksize":	1448,
			"omit":	0,
			"duration":	30,
			"bytes":	0,
			"blocks":	0,
			"reverse":	0,
			"tos":	0,
			"target_bitrate":	1000000000,
			"bidir":	0,
			"fqrate":	0,
			"interval":	1
		}
	},
	"intervals":	[{
			"streams":	[{
					"socket":	5,
					"start":	0,
					"end":	1.001055,
					"seconds":	1.0010550022125244,
					"bytes":	62408800,
					"bits_per_second":	498744223.74047,
					"packets":	43101,
					"omitted":	false,
					"sender":	true
				}],
			"sum":	{
				"start":	0,
				"end":	1.001055,
				"seconds":	1.0010550022125244,
				"bytes":	62408800,
				"bits_per_second":	498744223.74047,
				"packets":	43101,
				"omitted":	false,
				"sender":	true
			}
		}, {
			"streams":	[{
					"socket":	5,
					"start":	1.001055,
					"end":	2.001032,
					"seconds":	0.9999769926071167,
					"bytes":	64240520,
					"bits_per_second":	513935984.32710826,
					"packets":	44365,
					"omitted":	false,
					"sender":	true
				}],
			"sum":	{
				"start":	1.001055,
				"end":	2.001032,
				"seconds":	0.9999769926071167,
				"bytes":	64240520,
				"bits_per_second":	513935984.32710826,
				"packets":	44365,
				"omitted":	false,
				"sender":	true
			}
		}, {
			"streams":	[{
					"socket":	5,
					"start":	2.001032,
					"end":	3.001045,
					"seconds":	1.000012993812561,
					"bytes":	60304856,
					"bits_per_second":	482432579.36149043,
					"packets":	41647,
					"omitted":	false,
					"sender":	true
				}],
			"sum":	{
				"start":	2.001032,
				"end":	3.001045,
				"seconds":	1.000012993812561,
				"bytes":	60304856,
				"bits_per_second":	482432579.36149043,
				"packets":	41647,
				"omitted":	false,
				"sender":	true
			}
		}, {
			"streams":	[{
					"socket":	5,
					"start":	3.001045,
					"end":	4.001047,
					"seconds":	1.0000020265579224,
					"bytes":	61951232,
					"bits_per_second":	495608851.61995536,
					"packets":	42784,
					"omitted":	false,
					"sender":	true
				}],
			"sum":	{
				"start":	3.001045,
				"end":	4.001047,
				"seconds":	1.0000020265579224,
				"bytes":	61951232,
				"bits_per_second":	495608851.61995536,
				"packets":	42784,
				"omitted":	false,
				"sender":	true
			}
		}, {
			"streams":	[{
					"socket":	5,
					"start":	4.001047,
					"end":	5.001039,
					"seconds":	0.9999920129776,
					"bytes":	64362152,
					"bits_per_second":	514901328.52844471,
					"packets":	44449,
					"omitted":	false,
					"sender":	true
				}],
			"sum":	{
				"start":	4.001047,
				"end":	5.001039,
				"seconds":	0.9999920129776,
				"bytes":	64362152,
				"bits_per_second":	514901328.52844471,
				"packets":	44449,
				"omitted":	false,
				"sender":	true
			}
		}, {
			"streams":	[{
					"socket":	5,
					"start":	5.001039,
					"end":	6.000969,
					"seconds":	0.99993002414703369,
					"bytes":	67533272,
					"bits_per_second":	540303984.23215771,
					"packets":	46639,
					"omitted":	false,
					"sender":	true
				}],
			"sum":	{
				"start":	5.001039,
				"end":	6.000969,
				"seconds":	0.99993002414703369,
				"bytes":	67533272,
				"bits_per_second":	540303984.23215771,
				"packets":	46639,
				"omitted":	false,
				"sender":	true
			}
		}, {
			"streams":	[{
					"socket":	5,
					"start":	6.000969,
					"end":	7.000963,
					"seconds":	0.99999397993087769,
					"bytes":	63771368,
					"bits_per_second":	510174015.28283644,
					"packets":	44041,
					"omitted":	false,
					"sender":	true
				}],
			"sum":	{
				"start":	6.000969,
				"end":	7.000963,
				"seconds":	0.99999397993087769,
				"bytes":	63771368,
				"bits_per_second":	510174015.28283644,
				"packets":	44041,
				"omitted":	false,
				"sender":	true
			}
		}, {
			"streams":	[{
					"socket":	5,
					"start":	7.000963,
					"end":	8.00096,
					"seconds":	0.99999701976776123,
					"bytes":	68903080,
					"bits_per_second":	551226282.782339,
					"packets":	47585,
					"omitted":	false,
					"sender":	true
				}],
			"sum":	{
				"start":	7.000963,
				"end":	8.00096,
				"seconds":	0.99999701976776123,
				"bytes":	68903080,
				"bits_per_second":	551226282.782339,
				"packets":	47585,
				"omitted":	false,
				"sender":	true
			}
		}, {
			"streams":	[{
					"socket":	5,
					"start":	8.00096,
					"end":	9.000962,
					"seconds":	1.0000020265579224,
					"bytes":	64220248,
					"bits_per_second":	513760942.83369112,
					"packets":	44351,
					"omitted":	false,
					"sender":	true
				}],
			"sum":	{
				"start":	8.00096,
				"end":	9.000962,
				"seconds":	1.0000020265579224,
				"bytes":	64220248,
				"bits_per_second":	513760942.83369112,
				"packets":	44351,
				"omitted":	false,
				"sender":	true
			}
		}, {
			"streams":	[{
					"socket":	5,
					"start":	9.000962,
					"end":	10.001064,
					"seconds":	1.0001020431518555,
					"bytes":	66697776,
					"bits_per_second":	533527765.14524215,
					"packets":	46062,
					"omitted":	false,
					"sender":	true
				}],
			"sum":	{
				"start":	9.000962,
				"end":	10.001064,
				"seconds":	1.0001020431518555,
				"bytes":	66697776,
				"bits_per_second":	533527765.14524215,
				"packets":	46062,
				"omitted":	false,
				"sender":	true
			}
		}, {
			"streams":	[{
					"socket":	5,
					"start":	10.001064,
					"end":	11.00105,
					"seconds":	0.99998599290847778,
					"bytes":	69679208,
					"bits_per_second":	557441472.13371849,
					"packets":	48121,
					"omitted":	false,
					"sender":	true
				}],
			"sum":	{
				"start":	10.001064,
				"end":	11.00105,
				"seconds":	0.99998599290847778,
				"bytes":	69679208,
				"bits_per_second":	557441472.13371849,
				"packets":	48121,
				"omitted":	false,
				"sender":	true
			}
		}, {
			"streams":	[{
					"socket":	5,
					"start":	11.00105,
					"end":	12.001045,
					"seconds":	0.999994993209839,
					"bytes":	66941040,
					"bits_per_second":	535531001.29134822,
					"packets":	46230,
					"omitted":	false,
					"sender":	true
				}],
			"sum":	{
				"start":	11.00105,
				"end":	12.001045,
				"seconds":	0.999994993209839,
				"bytes":	66941040,
				"bits_per_second":	535531001.29134822,
				"packets":	46230,
				"omitted":	false,
				"sender":	true
			}
		}, {
			"streams":	[{
					"socket":	5,
					"start":	12.001045,
					"end":	13.000963,
					"seconds":	0.999917984008789,
					"bytes":	64608312,
					"bits_per_second":	516908890.7950443,
					"packets":	44619,
					"omitted":	false,
					"sender":	true
				}],
			"sum":	{
				"start":	12.001045,
				"end":	13.000963,
				"seconds":	0.999917984008789,
				"bytes":	64608312,
				"bits_per_second":	516908890.7950443,
				"packets":	44619,
				"omitted":	false,
				"sender":	true
			}
		}, {
			"streams":	[{
					"socket":	5,
					"start":	13.000963,
					"end":	14.001032,
					"seconds":	1.00006902217865,
					"bytes":	64724152,
					"bits_per_second":	517757479.25076985,
					"packets":	44699,
					"omitted":	false,
					"sender":	true
				}],
			"sum":	{
				"start":	13.000963,
				"end":	14.001032,
				"seconds":	1.00006902217865,
				"bytes":	64724152,
				"bits_per_second":	517757479.25076985,
				"packets":	44699,
				"omitted":	false,
				"sender":	true
			}
		}, {
			"streams":	[{
					"socket":	5,
					"start":	14.001032,
					"end":	15.000981,
					"seconds":	0.99994897842407227,
					"bytes":	65995496,