{
	"start":	{
		"connected":	[{
				"socket":	5,
				"local_host":	"192.168.50.208",
				"local_port":	34900,
				"remote_host":	"192.168.50.65",
				"remote_port":	5201
			}],
		"version":	"iperf 3.20",
		"system_info":	"Linux kitalab 7.0.0-27-generic #27-Ubuntu SMP PREEMPT_DYNAMIC Thu Jun 18 19:13:49 UTC 2026 x86_64",
		"timestamp":	{
			"time":	"Fri, 10 Jul 2026 06:43:29 GMT",
			"timesecs":	1783665809,
			"timemillisecs":	1783665809841
		},
		"connecting_to":	{
			"host":	"192.168.50.65",
			"port":	5201
		},
		"cookie":	"abr6ugqzmb6faqi5oi66p62z5p57q4d2nn6v",
		"tcp_mss_default":	1448,
		"target_bitrate":	0,
		"fq_rate":	0,
		"sock_bufsize":	0,
		"sndbuf_actual":	16384,
		"rcvbuf_actual":	131072,
		"test_start":	{
			"protocol":	"TCP",
			"num_streams":	1,
			"blksize":	131072,
			"omit":	0,
			"duration":	30,
			"bytes":	0,
			"blocks":	0,
			"reverse":	1,
			"tos":	0,
			"target_bitrate":	0,
			"bidir":	0,
			"fqrate":	0,
			"interval":	1
		}
	},
	"intervals":	[{
			"streams":	[{
					"socket":	5,
					"start":	0,
					"end":	1.001186,
					"seconds":	1.0011860132217407,
					"bytes":	48496640,
					"bits_per_second":	387513523.83712584,
					"omitted":	false,
					"sender":	false
				}],
			"sum":	{
				"start":	0,
				"end":	1.001186,
				"seconds":	1.0011860132217407,
				"bytes":	48496640,
				"bits_per_second":	387513523.83712584,
				"omitted":	false,
				"sender":	false
			}
		}, {
			"streams":	[{
					"socket":	5,
					"start":	1.001186,
					"end":	2.001191,
					"seconds":	1.0000050067901611,
					"bytes":	50462720,
					"bits_per_second":	403699738.76012,
					"omitted":	false,
					"sender":	false
				}],
			"sum":	{
				"start":	1.001186,
				"end":	2.001191,
				"seconds":	1.0000050067901611,
				"bytes":	50462720,
				"bits_per_second":	403699738.76012,
				"omitted":	false,
				"sender":	false
			}
		}, {
			"streams":	[{
					"socket":	5,
					"start":	2.001191,
					"end":	3.001204,
					"seconds":	1.000012993812561,
					"bytes":	36700160,
					"bits_per_second":	293597465.04957074,
					"omitted":	false,
					"sender":	false
				}],
			"sum":	{
				"start":	2.001191,
				"end":	3.001204,
				"seconds":	1.000012993812561,
				"bytes":	36700160,
				"bits_per_second":	293597465.04957074,
				"omitted":	false,
				"sender":	false
			}
		}, {
			"streams":	[{
					"socket":	5,
					"start":	3.001204,
					"end":	4.001123,
					"seconds":	0.99991899728775024,
					"bytes":	50200576,
					"bits_per_second":	401637141.69781774,
					"omitted":	false,
					"sender":	false
				}],
			"sum":	{
				"start":	3.001204,
				"end":	4.001123,
				"seconds":	0.99991899728775024,
				"bytes":	50200576,
				"bits_per_second":	401637141.69781774,
				"omitted":	false,
				"sender":	false
			}
		}, {
			"streams":	[{
					"socket":	5,
					"start":	4.001123,
					"end":	5.001199,
					"seconds":	1.0000760555267334,
					"bytes":	51642368,
					"bits_per_second":	413107524.889597,
					"omitted":	false,
					"sender":	false
				}],
			"sum":	{
				"start":	4.001123,
				"end":	5.001199,
				"seconds":	1.0000760555267334,
				"bytes":	51642368,
				"bits_per_second":	413107524.889597,
				"omitted":	false,
				"sender":	false
			}
		}, {
			"streams":	[{
					"socket":	5,
					"start":	5.001199,
					"end":	6.00115,
					"seconds":	0.99995100498199463,
					"bytes":	55836672,
					"bits_per_second":	446715262.82234526,
					"omitted":	false,
					"sender":	false
				}],
			"sum":	{
				"start":	5.001199,
				"end":	6.00115,
				"seconds":	0.99995100498199463,
				"bytes":	55836672,
				"bits_per_second":	446715262.82234526,
				"omitted":	false,
				"sender":	false
			}
		}, {
			"streams":	[{
					"socket":	5,
					"start":	6.00115,
					"end":	7.001179,
					"seconds":	1.0000289678573608,
					"bytes":	64094208,
					"bits_per_second":	512738811.055258,
					"omitted":	false,
					"sender":	false
				}],
			"sum":	{
				"start":	6.00115,
				"end":	7.001179,
				"seconds":	1.0000289678573608,
				"bytes":	64094208,
				"bits_per_second":	512738811.055258,
				"omitted":	false,
				"sender":	false
			}
		}, {
			"streams":	[{
					"socket":	5,
					"start":	7.001179,
					"end":	8.001202,
					"seconds":	1.0000230073928833,
					"bytes":	63700992,
					"bits_per_second":	509596211.5197497,
					"omitted":	false,
					"sender":	false
				}],
			"sum":	{
				"start":	7.001179,
				"end":	8.001202,
				"seconds":	1.0000230073928833,
				"bytes":	63700992,
				"bits_per_second":	509596211.5197497,
				"omitted":	false,
				"sender":	false
			}
		}, {
			"streams":	[{
					"socket":	5,
					"start":	8.001202,
					"end":	9.001168,
					"seconds":	0.999966025352478,
					"bytes":	74579968,
					"bits_per_second":	596660015.31371069,
					"omitted":	false,
					"sender":	false
				}],
			"sum":	{
				"start":	8.001202,
				"end":	9.001168,
				"seconds":	0.999966025352478,
				"bytes":	74579968,
				"bits_per_second":	596660015.31371069,
				"omitted":	false,
				"sender":	false
			}
		}, {
			"streams":	[{
					"socket":	5,
					"start":	9.001168,
					"end":	10.00061,
					"seconds":	0.99944198131561279,
					"bytes":	73269248,
					"bits_per_second":	586481251.496378,
					"omitted":	false,
					"sender":	false
				}],
			"sum":	{
				"start":	9.001168,
				"end":	10.00061,
				"seconds":	0.99944198131561279,
				"bytes":	73269248,
				"bits_per_second":	586481251.496378,
				"omitted":	false,
				"sender":	false
			}
		}, {
			"streams":	[{
					"socket":	5,
					"start":	10.00061,
					"end":	11.001138,
					"seconds":	1.0005279779434204,
					"bytes":	72220672,
					"bits_per_second":	577460489.59829533,
					"omitted":	false,
					"sender":	false
				}],
			"sum":	{
				"start":	10.00061,
				"end":	11.001138,
				"seconds":	1.0005279779434204,
				"bytes":	72220672,
				"bits_per_second":	577460489.59829533,
				"omitted":	false,
				"sender":	false
			}
		}, {
			"streams":	[{
					"socket":	5,
					"start":	11.001138,
					"end":	12.001153,
					"seconds":	1.0000150203704834,
					"bytes":	75104256,
					"bits_per_second":	600825023.385553,
					"omitted":	false,
					"sender":	false
				}],
			"sum":	{
				"start":	11.001138,
				"end":	12.001153,
				"seconds":	1.0000150203704834,
				"bytes":	75104256,
				"bits_per_second":	600825023.385553,
				"omitted":	false,
				"sender":	false
			}
		}, {
			"streams":	[{
					"socket":	5,
					"start":	12.001153,
					"end":	13.001168,
					"seconds":	1.0000150203704834,
					"bytes":	73400320,
					"bits_per_second":	587193740.13247764,
					"omitted":	false,
					"sender":	false
				}],
			"sum":	{
				"start":	12.001153,
				"end":	13.001168,
				"seconds":	1.0000150203704834,
				"bytes":	73400320,
				"bits_per_second":	587193740.13247764,
				"omitted":	false,
				"sender":	false
			}
		}, {
			"streams":	[{
					"socket":	5,
					"start":	13.001168,
					"end":	14.001184,
					"seconds":	1.0000159740448,
					"bytes":	71827456,
					"bits_per_second":	574610469.14662337,
					"omitted":	false,
					"sender":	false
				}],
			"sum":	{
				"start":	13.001168,
				"end":	14.001184,
				"seconds":	1.0000159740448,
				"bytes":	71827456,
				"bits_per_second":	574610469.14662337,
				"omitted":	false,
				"sender":	false
			}
		}, {
			"streams":	[{
					"socket":	5,
					"start":	14.001184,
					"end":	15.001174,
					"seconds":	0.99998998641967773,
					"bytes":	67371008,
					"bits_per_second":	538973461.054044,
					"omitted":	false,
					"sender":	false
				}],
			"sum":	{
				"start":	14.001184,
				"end":	15.001174,
				"seconds":	0.99998998641967773,
				"bytes":	67371008,
				"bits_per_second":	538973461.054044,
				"omitted":	false,
				"sender":	false
			}
		}, {
			"streams":	[{
					"socket":	5,
					"start":	15.001174,
					"end":	16.001182,
					"seconds":	1.0000079870224,
					"bytes":	67371008,
					"bits_per_second":	538963759.284382,
					"omitted":	false,
					"sender":	false
				}],
			"sum":	{
				"start":	15.001174,
				"end":	16.001182,
				"seconds":	1.0000079870224,